BTOP_WINS,BTOP_LOSSES,BTOP_LEAGUE_POINTS,BJGL_WINS,BJGL_LOSSES,BJGL_LEAGUE_POINTS,BMID_WINS,BMID_LOSSES,BMID_LEAGUE_POINTS,BBOT_WINS,BBOT_LOSSES,BBOT_LEAGUE_POINTS,BSUP_WINS,BSUP_LOSSES,BSUP_LEAGUE_POINTS,RTOP_WINS,RTOP_LOSSES,RTOP_LEAGUE_POINTS,RJGL_WINS,RJGL_LOSSES,RJGL_LEAGUE_POINTS,RMID_WINS,RMID_LOSSES,RMID_LEAGUE_POINTS,RBOT_WINS,RBOT_LOSSES,RBOT_LEAGUE_POINTS,RSUP_WINS,RSUP_LOSSES,RSUP_LEAGUE_POINTS
228,156,1068,312,254,1001,684,619,1224,18,15,19,407,372,888,962,916,775,432,375,1111,284.0,219.0,1146.0,216,168,1039,177,106,1303
373,340,709,589,538,1112,263,209,1092,721,645,1272,423,387,844,558,520,857,432,375,1111,190.0,172.0,1013.0,18,15,19,640,576,1204
194,149,837,432,375,1111,439,386,1046,136,107,1055,423,387,844,124,74,933,333,273,1008,97.0,82.0,763.0,218,189,658,263,209,1092
440,408,736,432,375,1111,10,4,100,660,624,728,406,376,824,299,253,701,261,218,742,177.0,106.0,1303.0,186,162,721,695,646,677
299,253,701,432,375,1111,259,240,553,375,350,621,406,376,824,263,209,1092,386,348,866,582.0,533.0,679.0,711,685,491,411,383,638
274,221,1213,432,375,1111,232,178,1044,667,619,918,250,202,779,298,242,929,1129,1094,684,192.0,157.0,685.0,686,619,1255,467,356,1691
451,415,883,37,23,168,93,47,677,136,107,1055,406,376,824,721,646,1256,432,375,1111,192.0,157.0,685.0,555,489,1276,113,98,684
18,16,59,573,535,739,192,157,685,721,645,1272,154,127,387,625,578,858,432,375,1111,344.0,319.0,486.0,147,104,727,167,153,708
87,74,50,432,375,1111,139,134,424,42,28,202,154,127,387,389,379,668,101,76,1057,397.0,366.0,570.0,475,435,797,159,149,419
331,277,940,465,409,1051,305,243,1339,277,214,1058,393,343,1032,158,115,947,432,375,1111,441.0,377.0,1067.0,42,34,75,467,356,1691
6,4,75,432,375,1111,288,252,860,274,238,752,30,23,67,352,307,957,179,125,968,508.0,464.0,803.0,340,256,1462,206,161,865
300,245,1164,278,234,935,158,115,947,650,588,951,20,10,28,401,353,1036,432,375,1111,508.0,464.0,803.0,544,495,1187,396,347,1009
46,30,21,432,375,1111,465,409,1051,452,386,1094,177,106,1303,558,520,857,178,150,1029,760.0,647.0,1464.0,347,275,1236,359,336,411
582,545,596,160,117,855,826,793,829,115,69,656,154,127,387,277,245,621,432,375,1111,222.0,198.0,494.0,16,8,62,881,849,749
304,275,654,269,223,1044,285,262,526,42,34,75,881,848,765,593,537,1033,432,375,1111,115.0,69.0,656.0,549,524,495,30,27,1
356,312,462,304,251,739,413,373,998,269,215,687,328,282,924,127,85,541,432,375,1111,217.0,189.0,1066.0,314,295,697,53,47,75
396,347,1009,248,196,1130,365,310,969,91,64,740,530,489,941,253,213,696,432,375,1111,8.0,2.0,55.0,357,278,1428,362,313,898
331,289,886,5,9,61,799,788,521,18,15,19,273,262,667,6,4,75,432,375,1111,218.0,189.0,658.0,146,111,829,362,313,898
166,119,767,410,342,1009,432,375,1111,18,15,19,220,184,815,134,110,860,5,9,61,145.0,110.0,658.0,20,1,57,480,397,1457
409,376,262,432,375,1111,625,578,858,319,287,804,452,413,527,128,73,504,148,108,682,147.0,104.0,727.0,12,10,100,154,127,387
401,353,1036,196,149,739,35,40,75,115,100,712,439,412,584,218,174,886,70,44,234,224.0,199.0,740.0,801,774,632,20,26,50
401,353,1036,179,125,968,448,399,856,525,465,1001,1011,973,696,218,174,886,31,38,78,760.0,647.0,1464.0,517,486,748,530,489,941
660,618,892,341,304,842,365,310,969,546,499,1011,205,159,958,401,353,1036,575,538,874,448.0,399.0,856.0,423,384,830,483,431,1013
202,163,668,400,333,937,448,399,856,344,286,1066,30,23,67,401,353,1036,575,538,874,101.0,76.0,1057.0,423,384,830,483,431,1013
401,353,1036,418,381,666,111,72,347,146,114,519,807,770,1008,252,231,476,93,47,677,339.0,295.0,810.0,517,486,748,14,2,75
401,353,1036,304,273,685,456,413,909,535,517,608,165,129,754,593,537,1033,335,271,1007,425.0,386.0,895.0,314,295,697,163,135,639
46,30,21,573,535,739,209,170,301,19,23,3,119,90,709,401,353,1036,570,513,1169,342.0,307.0,688.0,176,160,412,327,274,675
401,353,1036,240,177,1205,254,217,803,198,149,824,497,456,893,274,221,1213,196,150,723,425.0,386.0,895.0,217,189,1066,119,91,694
274,221,1213,196,149,739,425,386,895,198,149,824,497,456,893,289,240,992,195,143,947,401.0,353.0,1036.0,30,23,67,119,91,694
240,177,1205,13,7,75,650,588,951,414,361,1079,235,195,836,401,353,1036,427,374,931,441.0,377.0,1067.0,452,412,932,612,549,1192
401,353,1036,204,178,674,20,26,50,471,456,466,552,498,1074,330,294,713,191,184,698,357.0,317.0,638.0,711,685,491,414,398,942
401,353,1036,106,95,380,436,412,560,660,624,728,74,62,407,389,379,668,583,529,510,7.0,6.0,75.0,772,742,729,151,114,715
24,5,53,315,271,918,616,559,939,544,510,764,19,6,75,401,353,1036,249,222,898,543.0,501.0,726.0,146,88,948,221,223,767
401,353,1036,84,74,82,7,5,68,711,685,491,190,155,194,75,29,280,93,47,677,11.0,2.0,1.0,418,372,883,552,499,1057
401,353,1036,589,538,1112,278,234,935,23,23,41,530,489,941,300,245,1164,122,86,859,320.0,253.0,940.0,134,110,860,133,107,1007
401,353,1036,508,464,803,165,129,754,111,72,414,249,217,476,396,347,1009,313,308,465,414.0,398.0,942.0,299,268,508,317,294,493
962,916,775,575,538,874,672,632,846,642,567,1422,472,429,884,401,353,1036,386,348,866,365.0,310.0,969.0,136,107,1055,612,549,1192
401,353,1036,374,332,968,33,44,57,269,215,687,423,387,844,194,149,837,11,10,100,188.0,135.0,511.0,136,107,1055,324,292,632
401,353,1036,151,97,1019,563,503,1025,642,567,1422,480,397,1457,13,4,66,511,447,926,16.0,4.0,57.0,555,489,1276,146,88,948
41,37,80,149,117,1100,97,64,100,229,206,534,563,503,1025,46,30,21,370,309,1130,721.0,646.0,1256.0,421,397,125,409,392,503
228,156,1068,310,268,859,721,645,1272,159,109,823,612,549,1192,13,4,66,218,180,759,686.0,619.0,1255.0,227,162,1221,407,372,888
58,29,90,721,645,1272,344,319,486,21,20,9,300,294,515,197,145,1075,58,58,33,394.0,359.0,860.0,18,16,59,37,37,47
385,334,798,575,538,874,397,351,959,344,286,1066,301,266,755,962,916,775,61,43,543,721.0,646.0,1256.0,23,23,41,483,431,1013
962,916,775,762,731,907,259,224,745,186,148,862,530,489,941,506,471,720,196,150,723,721.0,646.0,1256.0,26,11,75,178,127,871
131,82,739,541,485,912,684,619,1224,744,678,1315,34,34,28,237,183,1011,147,114,978,721.0,646.0,1256.0,1089,1035,1008,414,398,942
8,10,11,320,276,891,721,645,1272,265,240,586,19,17,61,110,59,1057,330,304,604,147.0,104.0,727.0,1089,1035,1008,226,178,1007
418,381,886,335,271,1007,160,117,855,546,499,1011,552,498,1074,166,119,767,265,209,1152,721.0,646.0,1256.0,298,249,939,530,489,941
649,602,810,441,376,1083,31,38,78,544,495,1187,807,770,1008,261,186,1367,357,326,620,721.0,646.0,1256.0,144,122,645,695,646,677
281,227,941,762,731,907,277,273,749,20,10,28,413,369,926,220,181,729,2,3,11,686.0,619.0,1255.0,721,646,1256,159,149,419
131,82,739,541,485,912,616,559,939,452,386,1094,154,127,387,428,381,617,108,79,529,721.0,646.0,1256.0,544,510,764,881,849,749
498,463,795,236,177,1107,299,270,702,452,386,1094,497,456,893,297,248,1232,541,485,912,721.0,646.0,1256.0,146,111,829,530,489,941
156,129,1086,194,149,447,357,278,1428,153,104,458,138,115,1108,289,240,992,762,732,890,721.0,646.0,1256.0,544,495,1187,6,5,32
142,98,763,465,409,1051,327,274,675,350,291,717,490,457,695,582,545,596,58,58,33,147.0,104.0,727.0,721,646,1256,678,651,629
254,217,803,137,87,1030,625,578,858,213,195,763,437,395,874,142,98,763,7,8,10,721.0,646.0,1256.0,544,510,764,530,489,941
815,767,929,33,14,75,413,378,623,269,215,687,30,23,67,240,175,433,108,79,529,721.0,646.0,1256.0,129,88,677,439,412,584
703,664,927,4,2,67,147,104,727,506,486,468,619,616,576,131,107,346,170,144,604,721.0,646.0,1256.0,358,331,480,695,646,677
228,156,1068,333,273,1008,176,148,972,535,517,608,530,489,941,962,916,775,90,77,175,357.0,278.0,1428.0,25,18,100,160,136,629
18,16,59,315,281,794,650,588,951,629,586,949,881,848,765,143,124,720,251,193,1137,258.0,235.0,602.0,711,685,491,423,389,812
418,381,886,143,85,946,538,517,561,170,135,605,136,114,834,593,537,1033,61,43,543,300.0,260.0,772.0,25,18,100,30,23,67
592,536,1033,211,173,724,235,199,668,25,18,100,136,114,834,284,243,772,418,381,886,300.0,260.0,772.0,143,124,720,530,489,941
289,240,992,410,342,1009,254,217,803,151,108,766,437,395,874,405,318,978,304,251,739,616.0,559.0,939.0,25,18,100,393,343,1032
145,128,203,123,96,1115,324,294,674,72,45,82,425,402,413,25,18,100,305,280,80,356.0,346.0,266.0,176,160,412,467,425,742
22,12,95,330,303,620,29,23,43,25,18,100,280,248,623,107,77,549,123,96,1115,221.0,180.0,532.0,358,331,480,485,462,654
25,18,100,11,8,74,10,2,85,2,3,11,280,248,623,237,183,1011,127,114,499,650.0,588.0,951.0,413,390,602,359,336,411
226,167,1073,18,16,59,441,377,1067,347,322,894,701,659,829,100,46,100,405,369,666,686.0,619.0,1255.0,25,18,100,359,336,411
703,664,927,589,538,1112,794,760,727,444,403,795,701,659,829,25,18,100,456,415,668,441.0,377.0,1067.0,276,227,701,485,462,654
6,4,75,508,464,803,458,406,985,319,253,924,32,20,61,25,18,100,194,149,447,794.0,760.0,727.0,357,278,1428,381,336,842
6,4,75,11,8,74,222,198,494,75,38,75,6,5,32,281,227,941,433,396,842,414.0,398.0,942.0,25,18,100,32,20,61
281,227,941,374,332,968,555,489,1276,677,629,949,6,5,32,6,4,75,6,5,74,127.0,114.0,848.0,25,18,100,245,186,1224
505,470,720,5,12,38,639,596,902,18,15,19,81,38,387,158,138,934,265,209,1152,388.0,330.0,800.0,25,18,100,359,336,411
41,37,80,5,12,38,458,406,985,25,18,100,359,336,411,67,49,51,410,342,1009,441.0,377.0,1067.0,42,34,75,483,431,1013
67,49,51,410,342,1009,359,336,411,25,18,100,483,431,1013,45,36,17,225,188,685,365.0,310.0,969.0,368,335,771,364,310,1009
25,18,100,260,205,721,222,198,494,418,372,883,372,326,704,562,537,672,564,532,808,478.0,443.0,617.0,650,588,951,268,233,732
416,373,938,15,4,25,582,533,679,475,435,797,327,303,593,25,18,100,330,304,604,589.0,556.0,634.0,169,145,635,346,314,568
670,635,730,573,535,739,7,5,68,650,588,951,461,411,884,25,18,100,465,409,1051,300.0,260.0,772.0,68,51,543,23,23,0
178,179,656,166,96,542,97,82,763,34,21,30,21,18,75,670,635,730,573,535,739,251.0,193.0,1137.0,25,18,100,530,489,941
306,271,1055,541,485,912,131,107,346,458,406,985,0,5,0,298,242,929,1129,1094,684,320.0,253.0,940.0,298,249,939,469,430,906
412,358,827,310,268,859,127,114,848,23,23,41,552,498,1074,658,620,744,176,123,1094,458.0,406.0,985.0,26,11,75,30,23,67
7,8,10,470,423,871,218,189,658,677,629,949,301,266,755,397,351,959,762,732,890,458.0,406.0,985.0,604,553,902,30,23,67
332,273,931,470,423,871,448,399,856,176,129,873,186,162,721,416,373,938,315,281,794,458.0,406.0,985.0,2,9,83,298,259,965
31,38,78,333,273,1008,458,406,985,20,10,28,452,412,932,660,618,892,61,43,543,439.0,386.0,1046.0,604,553,902,363,325,775
194,149,837,111,78,761,525,495,643,640,576,1204,480,397,1457,558,520,857,563,503,1025,458.0,406.0,985.0,30,23,67,552,499,1057
166,119,767,195,143,947,441,377,1067,144,103,990,220,184,815,352,307,957,236,177,1107,458.0,406.0,985.0,151,108,766,115,100,712
118,85,794,6,5,74,458,406,985,439,386,1046,441,408,753,607,588,527,374,332,968,320.0,253.0,940.0,34,35,4,357,278,1428
254,217,803,195,143,947,19,11,100,237,193,966,133,107,1007,122,108,751,122,86,859,458.0,406.0,985.0,364,310,1009,34,34,28
24,5,53,94,77,461,458,406,985,129,88,677,268,238,717,240,177,1205,163,161,341,131.0,111.0,633.0,37,47,35,34,34,28
658,620,744,111,78,761,458,406,985,217,189,1066,113,98,684,619,616,576,1011,973,696,19.0,3.0,75.0,555,489,1276,137,91,743
184,140,780,418,381,886,200,144,940,146,88,948,297,262,717,385,334,798,18,14,87,249.0,210.0,883.0,458,406,985,480,397,1457
31,38,78,541,485,912,56,41,100,475,435,797,278,252,666,10,3,4,327,298,677,272.0,251.0,74.0,458,406,985,376,345,525
122,108,751,177,169,570,31,38,78,150,124,986,525,495,643,729,674,954,376,349,691,458.0,406.0,985.0,101,76,1057,309,277,500
300,245,1164,589,538,1112,458,406,985,25,18,100,619,616,576,416,373,938,310,268,859,799.0,788.0,521.0,136,107,1055,298,259,965
6,4,75,477,447,909,650,588,951,23,23,41,530,489,941,416,373,938,194,149,447,458.0,406.0,985.0,136,107,1055,552,499,1057
397,362,738,191,180,151,692,647,664,42,34,75,359,336,411,10,3,4,541,510,691,458.0,406.0,985.0,557,536,378,406,376,824
297,276,474,307,220,1571,312,294,415,269,215,687,337,318,571,562,537,672,287,269,645,458.0,406.0,985.0,88,77,329,262,205,1059
347,322,894,762,731,907,425,386,895,357,278,1428,19,6,75,218,189,658,37,23,168,686.0,619.0,1255.0,240,185,975,121,95,906
10,3,4,477,447,909,416,373,938,650,588,951,497,456,893,298,242,929,1129,1094,684,425.0,386.0,895.0,314,295,697,744,678,1315
505,470,720,123,96,1115,425,386,895,43,29,18,497,456,893,142,98,763,541,485,912,8.0,2.0,55.0,136,107,1055,19,6,75
582,545,596,357,326,620,794,760,727,51,37,324,12,21,34,121,102,420,11,7,91,425.0,386.0,895.0,118,101,592,50,65,74
505,470,720,89,77,146,425,386,895,772,742,729,552,498,1074,582,545,596,762,732,890,650.0,588.0,951.0,179,171,691,21,23,7
304,244,1119,335,271,1007,425,386,895,179,171,691,535,517,608,582,545,596,591,538,1144,127.0,114.0,848.0,660,624,728,17,10,74
352,307,957,262,218,893,425,386,895,535,517,608,480,397,1457,227,167,1090,111,78,761,47.0,47.0,71.0,340,256,1462,165,129,754
592,536,1033,264,227,847,425,386,895,63,42,68,11,8,80,20,7,22,478,447,925,249.0,210.0,883.0,146,111,829,346,314,568
419,378,465,1129,1094,684,425,386,895,42,47,27,11,8,80,145,110,658,335,271,1007,334.0,307.0,636.0,72,45,82,695,646,677
243,224,288,144,123,533,655,602,601,455,436,382,327,274,675,165,133,736,667,630,653,425.0,386.0,895.0,146,114,519,218,203,422
306,271,1055,304,273,685,365,310,969,312,262,962,92,94,60,558,520,857,258,235,602,425.0,386.0,895.0,198,149,824,30,23,67
142,98,763,149,117,1100,425,386,895,312,262,962,221,223,767,306,271,1055,304,273,685,365.0,310.0,969.0,353,299,1041,142,104,1002
280,243,809,477,447,909,414,398,942,64,37,361,346,314,568,649,602,810,575,538,874,425.0,386.0,895.0,276,227,701,74,62,407
350,317,663,61,43,543,538,517,561,265,240,586,178,179,656,8,6,78,108,79,529,425.0,386.0,895.0,248,186,1172,5,6,6
134,110,860,328,274,925,26,22,100,134,119,927,177,106,1303,815,767,929,100,46,100,425.0,386.0,895.0,207,114,1703,494,450,936
122,108,751,477,447,909,425,386,895,184,155,697,30,23,67,227,167,1090,141,106,662,616.0,559.0,939.0,397,362,776,177,106,1303
373,340,709,335,271,1007,19,11,100,5,7,100,37,37,47,227,167,1090,141,106,662,425.0,386.0,895.0,184,155,697,177,106,1303
254,217,803,570,513,1169,477,447,909,479,454,641,108,74,444,306,271,1055,19,23,30,504.0,466.0,590.0,186,162,721,84,52,666
582,545,596,70,44,234,436,383,818,186,162,721,53,57,75,306,271,1055,302,265,867,233.0,185.0,786.0,711,685,491,61,48,44
214,147,716,19,23,30,5,12,38,10,2,92,118,77,799,267,228,660,10,1,47,319.0,261.0,1053.0,274,231,554,14,10,73
660,618,892,19,23,30,118,101,592,248,223,572,51,38,48,227,195,515,141,106,662,101.0,110.0,295.0,379,323,1166,278,257,506
295,260,707,261,218,742,369,335,642,40,14,75,268,238,717,627,567,1126,19,23,30,95.0,49.0,212.0,319,287,804,621,594,617
507,472,765,19,23,30,369,335,642,475,435,797,104,62,1228,239,199,905,603,579,531,555.0,489.0,1276.0,144,122,645,453,440,499
393,374,668,19,23,30,430,400,708,174,160,378,76,35,80,962,916,775,16,7,60,6.0,3.0,14.0,140,95,620,31,25,75
362,336,395,19,23,30,143,119,567,174,160,378,154,127,387,107,77,549,15,11,100,784.0,724.0,646.0,140,95,620,327,274,675
537,511,472,19,23,30,77,62,1,143,124,720,327,303,593,273,248,421,511,447,926,274.0,252.0,503.0,365,319,448,334,297,706
252,229,397,438,399,625,156,115,515,43,32,106,507,473,432,116,109,475,19,23,30,13.0,9.0,15.0,617,598,368,678,651,629
352,307,957,106,83,1,49,43,75,140,95,620,413,369,926,18,16,59,19,23,30,379.0,323.0,1166.0,524,476,887,881,849,749
165,133,736,19,23,30,432,401,640,35,14,75,367,334,558,582,545,596,1129,1094,684,98.0,59.0,348.0,68,60,59,414,378,642
23,13,14,19,23,30,526,499,593,30,12,100,678,651,629,58,29,90,1129,1094,684,116.0,86.0,403.0,112,69,466,86,62,553
498,463,795,256,209,725,456,415,668,544,510,764,327,303,593,703,664,927,19,23,30,324.0,294.0,674.0,347,322,894,137,116,822
411,415,508,19,23,30,324,294,674,34,35,4,19,17,61,463,420,927,256,209,725,929.0,886.0,766.0,140,135,429,150,131,542
23,13,14,19,23,30,929,886,766,314,295,697,701,659,829,5,5,4,84,74,82,357.0,328.0,912.0,494,450,458,469,430,906
388,330,800,762,731,907,375,334,567,444,403,795,485,462,654,343,286,1010,19,23,30,787.0,749.0,831.0,314,295,697,332,297,841
315,288,621,277,245,686,787,749,831,314,295,697,485,462,654,131,82,739,19,23,30,650.0,588.0,951.0,299,268,508,443,406,409
276,248,505,487,456,499,7,4,73,63,53,419,581,552,616,315,288,621,19,23,30,56.0,50.0,79.0,253,229,544,537,530,239
448,426,521,19,23,30,7,4,73,25,21,100,132,81,428,276,248,505,978,940,697,15.0,24.0,62.0,63,53,419,20,9,16
728,674,936,251,193,1137,432,391,868,378,323,1150,467,356,1691,558,520,857,248,196,1130,357.0,278.0,1428.0,23,23,41,744,678,1315
432,391,868,196,149,739,31,38,78,20,1,57,467,356,1691,441,377,1067,265,209,1152,16.0,4.0,57.0,492,443,892,552,499,1057
448,426,521,126,108,437,259,240,553,432,391,868,16,9,27,15,9,100,482,441,713,33.0,44.0,57.0,506,486,468,21,18,75
332,273,931,333,273,1008,181,131,931,179,171,691,268,238,717,433,379,1006,249,222,898,432.0,391.0,868.0,186,148,862,494,450,936
670,635,730,249,222,898,555,489,1276,118,101,592,439,412,584,465,422,925,84,40,403,432.0,391.0,868.0,660,624,728,177,106,1303
373,340,709,249,222,898,254,195,705,34,35,4,177,106,1303,46,30,21,19,13,100,432.0,391.0,868.0,454,388,1098,21,23,7
560,537,640,249,222,898,432,401,640,60,52,67,744,678,1315,558,520,857,304,251,739,432.0,391.0,868.0,193,159,617,177,106,1303
505,470,720,10,1,47,432,391,868,195,143,947,619,616,576,124,74,933,327,298,677,113.0,104.0,504.0,314,295,697,301,266,755
23,13,14,1129,1094,684,163,160,507,432,391,868,413,369,926,142,98,763,107,74,706,430.0,396.0,809.0,20,10,28,485,442,788
142,98,763,143,85,946,432,391,868,146,88,948,485,442,788,228,156,1068,1129,1094,684,686.0,619.0,1255.0,7,5,68,423,389,812
558,520,857,313,308,465,432,391,868,146,88,948,128,84,698,6,4,75,6,5,74,66.0,77.0,70.0,129,88,677,619,616,576
558,520,857,327,294,530,432,391,868,544,510,764,115,53,102,189,195,668,315,281,794,277.0,214.0,1058.0,120,107,314,128,84,698
558,520,857,26,14,75,316,298,402,646,614,687,138,115,1108,498,463,795,315,281,794,169.0,160.0,880.0,432,391,868,128,84,698
281,227,941,298,265,677,324,287,682,432,391,868,346,314,568,277,245,621,646,614,687,393.0,343.0,1032.0,146,111,829,11,4,77
127,85,541,77,58,488,616,559,939,711,685,491,616,577,656,582,545,596,508,464,803,432.0,391.0,868.0,267,239,699,38,23,28
96,75,1019,315,281,794,432,391,868,136,107,1055,744,678,1315,558,520,857,288,230,965,44.0,26.0,1.0,243,181,750,261,226,734
194,168,556,122,86,859,7,4,93,439,412,584,443,406,409,475,435,797,361,335,460,432.0,391.0,868.0,173,154,346,9,13,0
320,298,502,192,161,744,432,391,868,478,442,633,619,616,576,140,99,924,330,304,604,403.0,366.0,811.0,549,524,495,9,13,0
6,4,75,144,123,533,35,40,75,319,287,804,268,233,732,453,425,629,335,271,1007,432.0,391.0,868.0,299,268,508,530,489,941
331,289,886,327,298,677,432,391,868,314,295,697,423,387,844,59,58,22,330,304,604,508.0,464.0,803.0,23,23,41,150,131,542
107,76,565,106,83,1,410,342,1009,7,5,68,413,369,926,8,10,11,573,535,739,686.0,619.0,1255.0,16,8,62,393,343,1032
18,16,59,10,1,47,393,343,1032,1089,1035,1008,640,576,1204,8,10,11,147,114,978,650.0,588.0,951.0,16,8,62,469,430,906
373,340,709,146,114,962,393,343,1032,193,159,617,170,162,523,18,16,59,107,74,706,650.0,588.0,951.0,267,239,699,34,34,28
962,916,775,330,303,620,49,43,75,20,1,57,393,343,1032,670,635,730,225,188,685,642.0,567.0,1422.0,143,124,720,63,59,58
323,282,886,56,23,37,232,178,1044,667,619,918,0,5,0,962,916,775,302,265,867,169.0,160.0,880.0,365,310,969,393,343,1032
323,282,886,302,265,867,807,770,1008,42,34,75,485,442,788,457,386,1145,196,150,723,342.0,307.0,688.0,475,435,797,393,343,1032
153,129,623,564,532,808,44,26,1,2,3,11,393,343,1032,16,13,0,149,117,1100,787.0,745.0,717.0,358,331,480,99,69,1201
226,167,1073,123,96,1115,17,12,46,146,88,948,393,343,1032,158,138,934,262,218,893,467.0,425.0,742.0,357,278,1428,498,457,889
158,115,947,100,46,100,414,398,942,42,34,75,393,343,1032,281,227,941,241,201,818,552.0,499.0,1057.0,340,256,1462,498,457,889
158,115,947,262,218,893,277,273,749,340,256,1462,552,498,1074,142,98,763,327,298,677,555.0,489.0,1276.0,686,619,1255,393,343,1032
158,115,947,58,58,33,49,43,75,276,227,701,423,387,844,464,430,774,108,79,529,639.0,596.0,902.0,358,331,480,393,343,1032
505,470,720,213,174,803,226,183,432,206,114,1687,88,63,75,156,129,1086,37,23,168,357.0,278.0,1428.0,146,88,948,393,343,1032
142,98,763,179,125,968,17,12,46,667,619,918,393,343,1032,220,181,729,330,304,604,616.0,577.0,656.0,642,567,1422,530,489,941
220,181,729,278,234,935,508,464,803,461,411,884,485,442,788,194,149,837,108,79,529,365.0,310.0,969.0,347,275,1236,393,343,1032
306,271,1055,179,125,968,200,144,940,146,111,829,160,136,629,178,179,656,541,510,691,28.0,18.0,55.0,667,620,902,393,343,1032
505,470,720,61,43,543,31,11,100,179,171,691,393,343,1032,128,78,858,4,7,65,97.0,59.0,406.0,667,620,902,301,266,755
220,181,729,708,686,421,10,2,85,293,243,606,704,662,932,284,243,772,508,464,803,15.0,24.0,62.0,1039,1011,745,393,343,1032
558,520,857,77,58,488,324,287,682,12,21,34,221,189,413,428,381,617,108,60,748,297.0,270.0,365.0,237,193,966,159,166,42
660,618,892,5,12,38,86,69,621,229,206,534,485,442,788,558,520,857,408,372,788,135.0,94.0,751.0,582,547,619,616,577,656
558,520,857,70,44,234,226,168,932,423,384,830,389,339,850,506,471,720,591,538,1144,371.0,346.0,388.0,344,286,1066,432,396,709
558,520,857,341,304,842,343,286,1010,640,576,1204,176,148,972,218,174,886,591,538,1144,328.0,274.0,925.0,525,465,1001,175,123,858
173,140,1373,1011,973,696,384,334,842,176,129,873,219,181,626,558,520,857,410,342,1009,217.0,189.0,1066.0,307,274,548,439,412,584
128,78,858,249,222,898,441,377,1067,954,910,1061,325,278,912,558,520,857,15,4,45,312.0,254.0,1001.0,461,411,884,11,4,77
51,47,24,273,234,757,324,287,682,517,486,748,633,599,824,558,520,857,327,294,530,274.0,231.0,554.0,413,390,602,678,651,629
284,241,804,558,520,857,324,287,682,146,88,948,467,425,742,562,537,672,589,556,634,448.0,399.0,856.0,364,323,779,480,397,1457
658,620,744,100,46,100,200,144,940,145,95,931,480,397,1457,558,520,857,564,532,808,258.0,235.0,602.0,174,116,1097,80,60,522
558,520,857,111,78,761,200,144,940,452,386,1094,413,369,926,46,21,34,511,447,926,16.0,16.0,23.0,140,99,924,63,59,58
558,520,857,447,398,457,255,228,481,299,268,508,135,104,578,562,537,672,287,269,645,259.0,240.0,553.0,375,350,621,121,95,906
428,381,617,260,205,721,138,115,1108,397,362,776,298,259,965,558,520,857,523,465,1274,254.0,195.0,705.0,573,535,739,484,443,937
13,4,66,374,332,968,200,144,940,127,114,848,327,274,675,384,334,842,100,46,100,929.0,886.0,766.0,535,517,608,175,117,1215
238,182,1125,481,436,1011,448,399,856,43,34,0,138,115,1108,13,4,66,137,87,1030,365.0,310.0,969.0,193,138,1020,298,259,965
224,177,737,86,69,621,382,321,1135,248,186,1172,84,52,666,13,4,66,753,690,1111,507.0,472.0,765.0,535,517,608,249,210,883
258,219,57,469,442,598,324,287,682,365,334,584,612,549,1192,13,4,66,350,291,717,166.0,135.0,646.0,722,681,696,6,5,32
228,156,1068,310,268,859,721,645,1272,159,109,823,612,549,1192,13,4,66,218,180,759,686.0,619.0,1255.0,227,162,1221,407,372,888
410,364,808,1129,1094,684,181,111,851,642,567,1422,363,325,775,13,4,66,307,220,1571,468.0,430.0,664.0,523,465,1274,262,205,1059
219,167,1119,101,76,1057,13,4,66,237,193,966,298,259,965,703,664,927,511,447,926,650.0,588.0,951.0,218,181,930,744,678,1315
13,4,66,589,538,1112,319,253,924,218,181,930,133,107,1007,134,110,860,229,179,29,414.0,398.0,942.0,667,620,902,744,678,1315
13,4,66,179,125,968,55,21,50,68,51,543,667,619,918,6,4,75,13,7,75,8.0,2.0,55.0,218,181,930,467,356,1691
625,578,858,6,5,74,65,44,435,150,122,939,485,462,654,13,4,66,160,117,855,8.0,2.0,55.0,16,8,62,407,372,888
558,520,857,5,12,38,319,253,924,418,372,883,177,106,1303,13,4,66,1011,973,696,625.0,578.0,858.0,454,388,1098,543,501,726
13,4,66,11,8,74,115,91,496,21,20,9,250,202,779,815,767,929,753,690,1111,625.0,578.0,858.0,174,116,1097,235,195,836
117,95,597,188,135,511,375,334,567,150,124,986,280,243,809,453,425,629,33,14,75,289.0,249.0,594.0,582,547,619,13,4,66
401,353,1036,151,97,1019,563,503,1025,642,567,1422,480,397,1457,13,4,66,511,447,926,16.0,4.0,57.0,555,489,1276,146,88,948
332,273,931,559,519,970,413,373,998,642,567,1422,6,5,32,13,4,66,310,268,859,331.0,289.0,886.0,2,9,83,177,106,1303
45,36,17,273,233,939,439,386,1046,25,18,100,485,462,654,13,4,66,432,375,1111,220.0,181.0,729.0,181,131,931,393,343,1032
13,4,66,370,309,1130,277,273,749,347,322,894,393,343,1032,171,118,946,319,258,1124,131.0,86.0,880.0,181,131,931,9,17,6
582,545,596,432,375,1111,448,399,856,146,111,829,13,4,66,385,334,798,1,4,66,25.0,18.0,100.0,454,388,1098,377,332,758
134,110,860,62,41,66,365,310,969,525,465,1001,8,6,57,13,4,66,80,34,354,432.0,391.0,868.0,25,18,100,483,431,1013
13,4,66,433,396,842,290,293,656,289,249,594,32,20,61,281,227,941,371,332,697,486.0,403.0,644.0,640,576,1204,258,220,808
300,245,1164,762,731,907,787,749,831,677,629,949,413,369,926,254,195,705,753,690,1111,650.0,588.0,951.0,452,412,932,552,499,1057
75,29,280,762,731,907,414,398,942,202,157,311,552,498,1074,295,260,707,753,690,1111,650.0,588.0,951.0,604,553,902,535,517,608
451,415,883,477,447,909,508,464,803,640,576,1204,552,498,1074,658,620,744,27,0,85,436.0,383.0,818.0,150,124,986,249,217,476
385,334,798,432,375,1111,639,596,902,546,499,1011,552,498,1074,124,74,933,523,465,1274,762.0,732.0,890.0,150,122,939,485,442,788
433,379,1006,139,103,1115,639,596,902,143,124,720,175,123,858,128,78,858,432,375,1111,288.0,252.0,860.0,954,910,1061,552,499,1057
118,77,799,272,169,718,226,183,432,444,416,567,497,456,893,332,273,931,147,114,978,929.0,886.0,766.0,374,351,771,552,499,1057
226,167,1073,318,285,626,18,16,59,150,111,652,552,498,1074,118,77,799,306,283,492,8.0,9.0,46.0,374,351,771,249,217,476
332,273,931,146,114,962,187,156,700,430,400,708,552,498,1074,298,242,929,478,448,908,423.0,389.0,812.0,43,32,106,640,576,1204
284,241,804,212,163,602,436,383,818,51,23,120,423,387,844,332,273,931,478,448,908,208.0,184.0,692.0,374,351,771,552,499,1057
206,183,670,589,538,1112,187,156,700,37,28,75,552,498,1074,284,243,772,196,150,723,436.0,383.0,818.0,42,34,75,423,389,812
306,271,1055,279,281,280,320,298,502,42,34,75,423,387,844,352,307,957,53,43,50,552.0,499.0,1057.0,374,351,771,293,280,432
432,391,868,196,149,739,31,38,78,20,1,57,467,356,1691,441,377,1067,265,209,1152,16.0,4.0,57.0,492,443,892,552,499,1057
10,3,4,477,447,909,369,335,642,492,443,892,238,209,558,142,98,763,573,535,739,34.0,35.0,4.0,314,295,697,552,499,1057
214,147,716,573,535,739,369,335,642,494,450,936,480,397,1457,142,98,763,371,332,697,344.0,319.0,486.0,136,107,1055,552,499,1057
815,767,929,304,251,739,209,170,301,112,69,466,552,498,1074,416,373,938,11,7,91,242.0,202.0,926.0,223,187,641,619,616,576
412,358,827,310,268,859,127,114,848,23,23,41,552,498,1074,658,620,744,176,123,1094,458.0,406.0,985.0,26,11,75,30,23,67
505,470,720,89,77,146,425,386,895,772,742,729,552,498,1074,582,545,596,762,732,890,650.0,588.0,951.0,179,171,691,21,23,7
118,85,794,1129,1094,684,302,265,867,677,645,634,552,498,1074,313,293,470,592,538,1160,218.0,189.0,658.0,312,262,962,480,448,937
373,340,709,271,223,860,441,377,1067,418,372,883,478,447,925,289,240,992,274,219,1273,552.0,499.0,1057.0,150,124,986,6,3,93
962,916,775,130,126,545,340,305,687,1089,1035,1008,494,450,936,18,16,59,147,114,978,10.0,1.0,47.0,469,430,906,552,499,1057
416,373,938,284,219,1146,414,398,942,439,386,1046,13,12,96,658,620,744,307,220,1571,320.0,253.0,940.0,150,124,986,121,95,906
401,353,1036,108,60,748,127,114,848,150,122,939,619,616,576,416,373,938,307,220,1571,432.0,401.0,640.0,179,171,691,485,442,788
451,415,883,108,60,748,110,59,1057,150,122,939,262,205,1059,401,353,1036,307,220,1571,127.0,114.0,848.0,136,107,1055,34,34,28
883,843,656,307,220,1571,145,110,658,375,350,621,63,59,58,298,242,929,374,332,968,136.0,107.0,1055.0,265,240,586,494,450,936
300,245,1164,179,125,968,397,351,959,439,386,1046,119,91,694,962,916,775,307,220,1571,221.0,172.0,886.0,677,645,634,530,489,941
332,273,931,307,220,1571,17,12,46,475,435,797,407,372,888,416,373,938,161,100,1262,190.0,172.0,1013.0,604,553,902,640,576,1204
300,245,1164,234,171,1169,439,386,1046,46,41,89,640,576,1204,171,118,946,307,220,1571,397.0,351.0,959.0,2,9,83,472,395,881
142,98,763,307,220,1571,116,101,736,105,78,695,221,223,767,228,156,1068,762,732,890,97.0,82.0,763.0,143,124,720,480,397,1457
451,415,883,195,143,947,273,234,757,150,124,986,480,397,1457,299,253,701,307,220,1571,7.0,6.0,75.0,375,350,621,121,95,906
224,177,737,234,171,1169,209,170,301,159,109,823,412,358,827,298,242,929,10,1,47,254.0,195.0,705.0,207,114,1703,31,25,75
224,177,737,13,10,50,20,26,50,202,157,311,37,37,47,18,16,59,396,358,951,259.0,240.0,553.0,344,319,486,307,274,548
332,273,931,559,519,970,150,107,618,544,510,764,381,336,842,224,177,737,195,143,947,414.0,398.0,942.0,136,102,626,151,114,715
224,177,737,61,43,543,249,210,883,224,199,740,150,114,719,486,403,644,18,14,87,5.0,3.0,0.0,193,138,1020,151,114,715
220,181,729,1129,1094,684,33,44,57,243,219,413,452,413,527,224,177,737,366,361,307,288.0,257.0,100.0,54,30,100,10,4,51
8,6,57,287,269,645,200,144,940,312,262,962,177,106,1303,224,177,737,194,149,447,19.0,11.0,100.0,343,273,1389,86,69,621
224,177,737,137,87,1030,394,359,860,257,208,945,142,104,1002,8,6,57,223,200,590,292.0,233.0,873.0,343,273,1389,86,69,621
224,177,737,465,409,1051,343,286,1010,132,108,947,293,229,933,134,110,860,310,268,859,357.0,317.0,638.0,173,140,1373,410,381,638
224,177,737,203,161,626,343,273,1389,159,137,837,433,379,1006,306,271,1055,511,447,926,11.0,8.0,74.0,158,115,947,277,255,675
224,177,737,139,103,1115,261,221,1024,30,19,91,396,373,116,433,379,1006,456,415,668,274.0,219.0,1273.0,801,774,632,530,489,941
127,85,541,327,294,530,276,248,505,546,499,1011,150,131,542,224,177,737,215,186,721,282.0,256.0,629.0,176,160,412,226,207,537
224,177,737,319,258,1124,799,788,521,218,191,733,220,184,815,416,373,938,432,375,1111,365.0,310.0,969.0,423,384,830,63,59,58
356,312,462,71,39,257,194,172,493,366,346,582,581,552,616,393,374,668,212,193,708,711.0,685.0,491.0,245,224,480,97,72,0
107,76,565,541,485,912,11,7,91,479,454,641,616,577,656,119,86,795,212,193,708,366.0,346.0,582.0,469,430,906,84,52,666
465,422,925,161,100,1262,261,221,1024,288,252,860,6,7,4,89,42,75,273,253,570,366.0,346.0,582.0,207,114,1703,298,259,965
107,76,565,172,135,716,357,328,912,174,160,378,327,303,593,323,282,886,1129,1094,684,366.0,346.0,582.0,276,227,701,327,274,675
277,245,621,133,121,368,328,290,459,549,523,511,209,197,366,224,200,436,209,170,301,366.0,346.0,582.0,190,155,357,23,13,20
17,11,100,228,181,246,111,72,347,187,155,308,414,378,642,40,25,14,26,21,100,366.0,346.0,582.0,248,227,489,426,373,507
475,465,385,259,240,553,266,239,313,12,21,34,317,294,493,247,194,781,487,456,499,366.0,346.0,582.0,385,356,473,181,148,616
607,588,527,191,184,698,128,92,642,112,69,466,150,131,542,457,386,1145,107,74,706,366.0,346.0,582.0,34,35,4,30,27,1
56,40,161,58,58,33,260,197,643,393,364,676,150,131,542,125,97,475,313,308,465,366.0,346.0,582.0,134,119,927,411,383,638
478,456,413,281,246,462,397,374,177,191,103,478,351,331,430,14,5,100,54,47,45,366.0,346.0,582.0,444,416,567,254,244,424
109,82,461,194,164,507,427,400,557,158,155,628,159,149,419,62,44,3,776,759,432,147.0,104.0,727.0,366,346,582,342,307,687
483,461,407,366,361,307,311,285,460,556,535,375,354,336,305,38,23,4,13,6,23,366.0,346.0,582.0,241,216,447,376,351,380
118,85,794,287,269,645,826,793,829,357,278,1428,163,135,639,33,15,80,289,240,992,366.0,346.0,582.0,650,588,951,327,274,675
24,13,7,573,535,739,366,346,582,42,34,75,326,278,928,582,545,596,170,144,604,787.0,749.0,831.0,20,10,28,493,452,672
225,208,397,324,278,571,366,346,582,155,147,557,74,62,407,201,158,747,9,6,1,212.0,170.0,345.0,810,762,576,20,13,28
193,158,548,508,464,803,366,346,582,265,243,499,616,577,656,131,111,633,799,788,521,102.0,46.0,343.0,278,257,506,414,398,942
20,20,87,230,180,565,929,886,766,38,36,0,709,686,437,687,651,700,848,813,535,366.0,346.0,582.0,155,147,557,382,363,359
289,240,992,573,535,739,209,170,301,206,114,1687,99,106,37,34,21,30,264,227,847,366.0,346.0,582.0,134,119,927,30,23,67
51,47,24,136,119,336,366,346,582,11,1,1,48,29,50,221,180,532,277,246,672,301.0,278.0,504.0,109,92,560,3,7,15
221,180,532,136,119,336,366,346,582,11,16,38,226,207,537,658,620,744,419,378,465,408.0,372.0,788.0,722,681,696,268,238,717
24,5,53,631,598,538,536,479,486,44,42,67,135,107,444,36,28,100,307,260,661,186.0,151.0,507.0,178,153,409,224,200,436
36,28,100,83,53,351,369,335,642,25,21,1,807,770,1008,173,140,1373,70,44,234,298.0,277.0,589.0,443,416,629,57,64,49
15,17,73,269,223,1044,851,821,510,102,46,343,18,9,80,36,28,100,161,90,536,222.0,198.0,494.0,194,147,908,31,25,75
385,363,586,32,10,23,108,120,504,541,512,481,36,34,75,36,28,100,26,21,100,107.0,73.0,563.0,10,4,100,300,294,515
962,916,775,76,48,46,226,168,932,344,323,641,176,148,972,36,28,100,10,1,47,357.0,278.0,1428.0,319,287,804,301,266,755
36,28,100,11,7,91,794,760,727,40,14,75,10,1,47,31,36,0,256,209,725,258.0,235.0,602.0,118,101,592,301,266,755
36,28,100,15,11,100,794,760,727,12,21,34,27,21,27,10,3,4,256,209,725,426.0,392.0,589.0,582,547,619,109,74,464
8,8,82,33,14,75,194,172,493,475,435,797,154,127,387,36,28,100,541,485,912,229.0,206.0,534.0,330,292,443,278,252,666
36,28,100,438,399,625,446,417,451,351,318,454,316,284,703,404,380,506,776,759,432,101.0,110.0,295.0,471,456,466,154,127,387
117,120,41,297,295,48,151,149,15,329,306,68,36,28,100,64,67,32,57,54,32,,,,7,7,73,9,8,24
208,181,530,343,298,772,113,87,50,375,350,621,317,294,493,36,28,100,93,66,439,335.0,271.0,1007.0,9,5,90,411,383,638
36,28,100,438,399,625,262,239,551,375,350,621,150,114,719,486,403,644,261,218,742,211.0,170.0,789.0,393,364,676,678,651,629
268,259,452,126,108,437,526,499,593,261,247,305,148,121,348,36,28,100,105,86,486,15.0,24.0,62.0,146,114,519,379,366,474
36,28,100,448,399,856,52,57,100,517,486,748,346,314,568,339,296,754,646,614,687,436.0,412.0,560.0,34,35,4,555,535,487
36,28,100,76,78,86,318,226,488,174,160,378,10,11,84,228,205,543,8,14,1,13.0,11.0,48.0,743,731,261,346,314,568
261,231,499,130,126,545,221,180,532,140,134,351,447,424,430,36,28,100,161,90,536,537.0,530.0,239.0,37,47,35,268,233,732
261,231,499,303,240,316,225,195,491,562,535,536,20,9,16,36,28,100,82,55,305,282.0,250.0,614.0,111,70,423,137,107,526
268,259,452,126,108,437,121,90,253,375,338,752,695,646,677,36,28,100,13,4,1,224.0,199.0,740.0,584,542,480,184,137,431
883,843,656,219,200,426,243,237,169,570,546,371,359,330,255,36,28,100,13,6,23,110.0,78.0,248.0,515,504,401,177,164,378
151,149,15,117,120,41,36,28,100,297,295,48,53,52,14,12,15,87,209,194,13,5.0,1.0,84.0,5,4,4,92,100,0
75,29,280,111,78,761,439,386,1046,159,109,823,96,74,964,373,340,709,592,538,1160,425.0,386.0,895.0,347,275,1236,69,47,127
75,29,280,753,690,1111,650,588,951,535,517,608,744,678,1315,962,916,775,592,538,1160,239.0,176.0,1198.0,190,172,1013,298,259,965
416,373,938,589,538,1112,650,588,951,451,412,915,640,576,1204,558,520,857,147,114,978,686.0,619.0,1255.0,642,567,1422,484,443,937
378,352,770,196,149,739,721,645,1272,517,486,748,437,403,669,298,242,929,592,538,1160,379.0,323.0,1166.0,34,35,4,619,616,576
187,156,700,51,37,55,163,160,507,14,13,93,494,450,936,448,426,521,592,538,1160,362.0,336.0,395.0,413,390,602,378,352,770
410,364,808,149,117,1100,330,303,620,143,124,720,472,429,884,142,98,763,592,538,1160,410.0,342.0,1009.0,136,107,1055,326,278,928
563,503,1025,333,273,1008,590,538,1128,193,158,548,413,369,926,45,36,17,284,219,1146,201.0,170.0,724.0,18,15,19,407,372,888
336,286,705,589,538,1112,621,594,617,549,523,511,181,148,616,123,83,1079,709,687,421,260.0,197.0,643.0,677,645,634,443,406,409
558,520,857,70,44,234,226,168,932,423,384,830,389,339,850,506,471,720,592,538,1160,371.0,346.0,388.0,344,286,1066,117,96,34
558,520,857,341,304,842,343,286,1010,640,576,1204,176,148,972,218,174,886,592,538,1160,328.0,274.0,925.0,525,465,1001,175,123,858
373,340,709,589,538,1112,263,209,1092,721,645,1272,423,387,844,558,520,857,432,375,1111,190.0,172.0,1013.0,18,15,19,640,576,1204
304,244,1119,335,271,1007,425,386,895,179,171,691,535,517,608,582,545,596,592,538,1160,127.0,114.0,848.0,660,624,728,782,669,1149
158,115,947,589,538,1112,263,209,1092,452,386,1094,398,369,750,31,38,78,416,341,1104,430.0,396.0,809.0,357,278,1428,744,678,1315
107,76,565,589,538,1112,758,713,748,100,84,613,418,372,883,416,373,938,90,77,175,254.0,217.0,803.0,355,298,922,327,274,675
306,271,1055,589,538,1112,97,82,763,99,69,1201,494,450,936,629,602,678,333,273,1008,101.0,76.0,1057.0,454,388,1098,612,549,1192
46,21,34,589,538,1112,794,760,727,143,124,720,881,848,765,153,129,623,265,209,1152,16.0,16.0,23.0,240,185,975,552,499,1057
145,95,931,603,579,531,650,588,951,525,465,1001,612,549,1192,10,3,4,592,538,1160,670.0,635.0,730.0,357,278,1428,449,403,901
142,98,763,151,111,750,97,82,763,677,629,949,414,398,942,670,635,730,592,538,1160,44.0,26.0,1.0,170,135,605,99,69,1201
670,635,730,104,73,547,432,401,640,179,171,691,365,334,584,71,66,65,207,114,1703,546.0,525.0,496.0,77,60,298,105,79,490
558,520,857,19,13,100,110,59,1057,216,168,1039,744,678,1315,362,313,898,304,251,739,357.0,278.0,1428.0,207,114,1703,439,412,584
29,14,0,108,60,748,432,391,868,144,103,990,929,886,766,298,242,929,207,114,1703,403.0,366.0,811.0,194,168,556,437,395,874
451,415,883,122,86,859,145,110,658,115,100,712,744,678,1315,202,162,551,18,14,87,236.0,177.0,1107.0,207,114,1703,542,504,899
197,145,1075,481,436,1011,343,286,1010,423,384,830,211,171,842,218,174,886,70,44,234,625.0,578.0,858.0,207,114,1703,170,162,523
4,6,54,206,114,1687,408,372,788,535,517,608,807,770,1008,412,358,827,541,485,912,357.0,278.0,1428.0,159,109,823,619,616,576
629,602,678,264,227,847,369,335,642,660,624,728,467,356,1691,299,253,701,207,114,1703,593.0,537.0,1033.0,148,102,619,695,646,677
3,3,17,335,271,1007,627,567,1126,275,236,996,61,43,543,962,916,775,456,413,909,413.0,373.0,998.0,207,114,1703,11,8,80
323,282,886,226,183,432,394,359,860,30,19,91,552,498,1074,254,217,803,207,114,1703,357.0,328.0,912.0,711,685,491,32,20,61
416,373,938,335,271,1007,226,183,432,546,499,1011,298,259,965,227,167,1090,207,114,1703,342.0,307.0,688.0,7,5,68,552,499,1057
107,76,565,330,303,620,198,149,824,544,495,1187,437,395,874,284,243,772,248,196,1130,439.0,386.0,1046.0,347,322,894,334,297,706
218,174,886,335,271,1007,5,0,99,181,131,931,220,184,815,544,495,1187,470,423,871,22.0,11.0,45.0,36,26,79,14,2,75
75,29,280,469,442,598,211,170,789,25,21,1,297,254,793,544,495,1187,83,53,351,188.0,135.0,511.0,155,138,558,4,7,85
46,30,21,215,181,75,414,398,942,206,114,1687,30,23,67,451,415,883,4,7,65,242.0,202.0,926.0,544,495,1187,530,489,941
111,72,347,799,788,521,86,43,284,544,495,1187,113,98,684,227,167,1090,171,136,600,165.0,112.0,736.0,772,742,729,133,107,1007
649,602,810,441,377,1067,31,38,78,544,495,1187,807,770,1008,261,186,1367,357,326,620,721.0,646.0,1256.0,144,122,645,695,646,677
388,330,800,206,114,1687,359,316,618,351,318,454,678,651,629,184,140,780,762,732,890,16.0,8.0,62.0,544,495,1187,359,336,411
156,129,1086,194,149,447,357,278,1428,153,104,458,138,115,1108,289,240,992,762,732,890,721.0,646.0,1256.0,544,495,1187,6,5,32
300,245,1164,278,234,935,158,115,947,650,588,951,20,10,28,401,353,1036,432,375,1111,508.0,464.0,803.0,544,495,1187,396,347,1009
332,273,931,298,265,677,312,254,1001,544,495,1187,543,501,726,815,767,929,15,4,45,508.0,464.0,803.0,525,465,1001,437,395,874
194,149,837,410,342,1009,529,485,818,544,495,1187,133,107,1007,792,729,1019,207,157,1003,422.0,375.0,883.0,667,620,902,334,297,706
194,149,837,410,342,1009,530,489,941,677,629,949,323,283,787,506,471,720,249,222,898,416.0,373.0,938.0,397,362,776,544,495,1187
428,381,617,1,4,66,334,307,636,142,104,1002,414,398,942,507,472,765,4,7,65,772.0,742.0,729.0,544,495,1187,346,314,568
428,381,617,39,27,1,397,366,570,772,742,729,30,23,67,32,27,46,414,398,942,254.0,207.0,853.0,544,495,1187,9,8,73
6,4,75,2,3,11,28,32,75,544,495,1187,3,3,50,306,271,1055,288,230,965,37.0,23.0,168.0,1089,1035,1008,293,229,933
397,362,738,80,34,354,208,168,767,257,208,945,20,3,1,506,471,720,762,732,890,544.0,495.0,1187.0,23,23,41,705,663,933
202,163,668,112,116,346,221,180,532,266,224,1515,447,424,430,544,495,1187,592,538,1160,541.0,485.0,912.0,150,111,652,371,332,697
352,307,957,265,209,1152,563,503,1025,544,495,1187,206,161,865,3,3,17,328,274,925,762.0,732.0,890.0,25,18,100,138,115,1108
3,3,17,265,209,1152,113,84,1186,91,64,740,563,503,1025,237,183,1011,328,274,925,650.0,588.0,951.0,544,495,1187,138,115,1108
815,767,929,359,292,1268,113,84,1186,620,587,648,25,23,100,194,147,220,465,409,1051,261.0,221.0,1024.0,544,495,1187,437,374,1003
197,145,1075,410,342,1009,145,110,658,344,286,1066,0,5,0,593,537,1033,51,37,55,721.0,646.0,1256.0,298,249,939,23,23,0
416,373,938,18,14,87,319,253,924,140,99,924,254,195,705,962,916,775,100,46,100,315.0,281.0,794.0,344,286,1066,381,336,842
298,242,929,436,383,818,131,86,880,344,286,1066,63,59,58,962,916,775,400,333,937,227.0,184.0,919.0,18,15,19,377,332,758
298,242,929,374,332,968,292,233,873,344,286,1066,258,215,839,23,21,54,284,219,1146,16.0,16.0,23.0,375,350,621,84,52,666
410,364,808,70,44,234,190,172,1013,150,122,939,258,215,839,498,463,795,161,100,1262,320.0,253.0,940.0,344,286,1066,437,395,874
197,145,1075,4,2,67,127,114,848,344,286,1066,181,111,851,362,313,898,161,100,1262,555.0,489.0,1276.0,193,138,1020,407,372,888
323,282,886,753,690,1111,487,411,1242,91,64,740,807,770,1008,105,78,695,27,0,85,406.0,367.0,777.0,344,286,1066,300,260,772
385,334,798,221,172,886,430,400,708,492,443,892,7,3,1,18,20,90,33,12,78,436.0,383.0,818.0,344,286,1066,9,17,6
173,140,1373,304,273,685,394,359,860,209,170,301,389,339,850,506,471,720,28,18,55,430.0,400.0,708.0,344,286,1066,23,23,0
385,334,798,575,538,874,397,351,959,344,286,1066,301,266,755,962,916,775,61,43,543,721.0,646.0,1256.0,23,23,41,483,431,1013
385,334,798,61,43,543,397,351,959,801,774,632,176,148,972,239,199,905,575,538,874,181.0,131.0,931.0,344,286,1066,9,17,6
202,163,668,400,333,937,448,399,856,344,286,1066,30,23,67,401,353,1036,575,538,874,101.0,76.0,1057.0,423,384,830,483,431,1013
507,472,765,13,4,1,169,160,880,5,7,100,552,498,1074,428,381,617,141,106,662,299.0,270.0,702.0,344,286,1066,122,103,460
128,78,858,280,248,795,639,596,902,711,685,491,190,155,194,506,471,720,508,464,803,538.0,517.0,561.0,344,286,1066,552,499,1057
382,329,716,147,143,641,555,489,1276,772,742,729,159,149,419,276,235,384,61,43,543,376.0,349.0,691.0,344,286,1066,54,30,429
298,242,929,389,379,668,224,199,740,274,231,554,222,206,7,268,259,452,105,86,486,344.0,286.0,1066.0,253,229,544,84,70,91
428,381,617,374,332,968,278,234,935,344,286,1066,227,162,1221,156,129,1086,753,690,1111,787.0,749.0,831.0,18,15,19,177,106,1303
226,167,1073,762,731,907,486,403,644,25,18,100,19,17,61,158,115,947,333,273,1008,436.0,383.0,818.0,344,286,1066,365,334,584
441,408,753,341,304,842,525,465,1001,423,384,830,34,34,28,284,245,807,212,163,602,493.0,442.0,966.0,344,286,1066,494,450,936
202,163,668,18,14,87,377,332,758,237,193,966,262,205,1059,247,194,781,523,465,1274,787.0,749.0,831.0,16,4,57,220,184,815
410,364,808,1011,973,696,672,632,846,186,148,862,175,117,1215,451,415,883,100,46,100,787.0,749.0,831.0,525,465,1001,96,74,964
168,116,1086,541,485,912,190,172,1013,150,122,939,96,74,964,385,334,798,161,100,1262,16.0,4.0,57.0,547,499,1026,744,678,1315
660,618,892,4,10,76,508,464,803,159,109,823,327,274,675,75,29,280,11,7,11,16.0,4.0,57.0,150,122,939,121,95,906
352,307,957,4,10,76,75,29,280,458,406,985,363,325,775,110,59,1057,194,149,447,16.0,4.0,57.0,186,162,721,175,117,1215
298,242,929,234,171,1169,672,632,846,20,1,57,42,34,75,245,194,989,8,12,0,616.0,559.0,939.0,492,443,892,484,443,937
405,318,978,315,281,794,672,632,846,20,1,57,372,326,704,204,165,20,104,73,547,206.0,143.0,535.0,487,411,1242,449,403,901
658,620,744,508,464,803,357,328,912,217,189,1066,381,336,842,451,415,883,343,298,772,16.0,4.0,57.0,547,499,1026,423,389,812
173,140,1373,330,303,620,259,240,553,112,69,466,582,545,596,607,588,527,56,23,37,16.0,4.0,57.0,216,168,1039,69,47,127
158,115,947,177,169,570,479,454,641,155,147,557,453,440,499,4,6,54,346,311,768,16.0,4.0,57.0,16,12,100,154,127,387
451,415,883,50,25,17,232,207,519,479,454,641,29,18,54,4,6,54,329,283,752,16.0,4.0,57.0,381,336,842,363,325,775
330,294,713,577,561,401,504,466,590,22,17,28,74,62,652,562,537,672,672,632,846,471.0,456.0,466.0,253,229,544,13,8,26
118,86,778,13,4,1,672,632,846,34,21,30,423,387,844,330,294,713,799,788,521,826.0,793.0,829.0,642,567,1422,9,17,6
330,294,713,312,254,1001,672,632,846,451,412,915,121,95,906,227,167,1090,295,233,964,18.0,15.0,19.0,544,510,764,142,104,1002
389,379,668,261,218,742,255,228,481,660,624,728,414,398,942,288,255,652,761,725,661,16.0,4.0,57.0,375,350,621,542,504,899
5,12,38,265,209,1152,672,632,846,240,185,975,324,292,632,416,373,938,227,176,647,277.0,273.0,749.0,18,15,19,113,100,415
962,916,775,351,302,939,672,632,846,100,70,564,298,259,965,352,307,957,295,233,964,277.0,273.0,749.0,236,189,973,151,114,715
962,916,775,575,538,874,672,632,846,642,567,1422,472,429,884,401,353,1036,386,348,866,365.0,310.0,969.0,136,107,1055,612,549,1192
