SERVER,BTOP_CHAMP_ID,BJGL_CHAMP_ID,BMID_CHAMP_ID,BBOT_CHAMP_ID,BSUP_CHAMP_ID,BBAN1,BBAN2,BBAN3,BBAN4,BBAN5,RTOP_CHAMP_ID,RJGL_CHAMP_ID,RMID_CHAMP_ID,RBOT_CHAMP_ID,RSUP_CHAMP_ID,RBAN1,RBAN2,RBAN3,RBAN4,RBAN5,FIRST_BLOOD,FIRST_DRAG,FIRST_HERALD,FIRST_TOWER,WINNER
EUROPE,150,246,268,15,497,62,107,119,114,350,24,80,112,29,432,350,119,777,78,429,0,1,0,1,1
EUROPE,114,254,79,498,497,555,-1,-1,103,41,240,78,55,15,26,157,432,777,119,350,0,1,1,1,1
EUROPE,150,78,517,523,888,432,119,555,55,24,887,234,429,13,79,92,117,62,103,131,1,1,0,1,0
EUROPE,79,80,4,18,235,517,20,350,122,421,24,2,432,202,147,517,421,67,119,163,0,1,0,0,1
EUROPE,122,80,517,96,432,67,350,20,29,104,79,421,163,429,497,39,200,78,119,26,0,1,0,0,0
EUROPE,777,64,163,895,40,119,350,58,15,429,86,120,7,81,432,203,1,360,55,164,1,0,0,0,0
EUROPE,79,147,107,15,497,350,40,114,119,166,238,80,517,50,53,350,163,55,-1,119,1,0,1,1,0
EUROPE,67,254,7,429,40,-1,29,38,119,-1,157,78,711,30,111,163,-1,24,517,350,0,0,1,1,1
EUROPE,887,131,777,895,40,147,429,119,38,350,85,234,61,523,888,266,429,-1,147,200,0,1,0,0,1
EUROPE,85,62,91,67,43,107,163,350,7,119,240,64,517,360,89,119,55,80,86,887,1,1,0,1,1
EUROPE,17,80,59,30,22,78,266,235,28,421,887,104,55,221,412,29,119,555,141,429,0,1,0,1,1
EUROPE,92,72,8,157,12,119,55,114,246,555,58,78,43,15,32,429,555,119,166,200,1,1,1,1,1
EUROPE,150,80,103,51,432,119,-1,78,350,429,59,121,26,15,60,163,119,111,107,777,1,0,0,0,0
EUROPE,114,30,163,81,40,107,200,121,15,147,2,141,268,119,111,23,895,360,-1,350,1,1,0,0,1
EUROPE,887,104,127,429,555,141,895,38,78,84,777,234,45,202,432,203,29,38,119,157,1,1,1,1,1
EUROPE,200,102,103,81,43,887,35,421,245,350,164,78,268,429,888,127,350,119,887,141,0,1,1,1,0
EUROPE,516,234,163,15,37,141,429,122,119,-1,223,121,112,81,350,91,114,221,888,429,0,1,0,0,1
EUROPE,69,107,245,236,267,888,119,200,41,84,17,78,13,81,350,119,131,28,429,15,1,1,1,0,1
EUROPE,50,131,80,236,267,107,517,111,119,200,777,76,711,429,89,78,119,200,887,163,1,1,0,1,1
EUROPE,8,80,777,15,89,23,78,200,28,119,19,131,166,110,40,163,119,150,517,238,1,0,0,0,0
EUROPE,113,60,31,15,43,62,119,163,166,429,126,30,221,21,350,111,55,84,166,38,0,0,0,0,0
EUROPE,58,104,55,119,44,117,29,517,166,268,92,245,518,221,16,163,166,429,555,887,1,1,0,1,1
EUROPE,24,78,7,221,16,91,429,555,141,122,113,59,55,119,53,15,-1,23,163,166,0,1,0,1,1
EUROPE,887,234,55,236,267,895,119,350,421,166,85,254,103,429,53,200,15,163,23,166,1,1,0,0,1
EUROPE,113,106,38,895,43,4,166,107,119,555,41,131,126,222,57,350,29,555,40,238,1,1,0,1,1
EUROPE,58,62,84,81,101,166,895,163,15,432,39,56,517,145,111,38,119,429,163,246,0,1,0,0,0
EUROPE,113,254,112,895,40,429,114,15,29,246,58,234,163,119,526,5,888,166,28,111,1,1,0,1,1
EUROPE,150,76,238,202,555,119,166,421,350,895,157,60,163,81,888,350,246,131,62,58,1,1,0,1,1
EUROPE,157,60,163,29,888,895,246,119,62,58,126,131,150,147,235,-1,421,555,166,107,1,1,1,1,1
EUROPE,79,427,157,145,111,55,7,-1,888,887,85,5,268,15,432,40,350,166,429,119,0,1,1,1,1
EUROPE,58,154,268,119,12,166,107,29,40,246,420,254,245,15,117,887,84,111,23,78,0,0,0,0,0
EUROPE,85,154,39,429,888,50,412,166,119,-1,79,200,84,81,432,163,78,895,350,266,0,1,0,0,0
EUROPE,106,254,163,119,40,28,78,122,350,114,58,62,45,110,412,38,429,80,350,166,1,1,0,1,1
EUROPE,85,121,157,81,432,7,-1,119,166,203,122,107,84,523,412,200,429,117,40,24,1,1,1,1,1
EUROPE,150,2,147,81,37,429,-1,166,246,103,92,78,163,360,53,-1,107,119,114,429,1,0,1,0,0
EUROPE,887,78,350,221,147,84,163,200,166,154,516,141,517,15,555,429,122,119,62,7,1,1,1,0,0
EUROPE,122,254,13,895,888,40,23,141,429,350,887,421,7,15,432,78,429,166,119,163,0,1,0,0,0
EUROPE,516,64,112,119,888,62,887,555,28,246,150,78,238,15,143,24,200,895,163,40,0,0,1,1,0
EUROPE,113,200,101,895,111,166,29,887,84,141,59,104,7,81,43,119,78,350,555,429,1,0,0,0,0
EUROPE,79,200,98,15,101,114,84,887,147,350,2,131,238,30,267,-1,16,114,-1,147,1,0,1,0,0
EUROPE,24,234,517,523,432,-1,141,114,62,15,85,64,84,429,888,107,200,-1,350,62,1,0,0,0,0
EUROPE,48,234,517,523,526,-1,-1,114,246,163,150,876,103,15,40,26,119,114,429,555,0,0,0,0,0
EUROPE,84,254,142,81,89,113,16,119,23,200,122,887,103,222,53,15,-1,141,429,350,1,1,1,1,1
EUROPE,887,64,103,29,16,895,429,119,39,55,166,60,238,15,37,350,62,-1,122,24,1,1,1,1,1
EUROPE,92,234,7,119,25,429,77,55,-1,114,58,78,517,15,29,-1,84,429,62,157,1,1,1,1,1
EUROPE,150,131,35,360,888,157,29,114,119,-1,166,234,30,15,37,141,60,113,235,39,1,0,1,1,1
EUROPE,141,62,7,360,111,163,107,28,78,40,150,200,35,15,16,429,777,-1,101,350,1,1,0,1,1
EUROPE,150,59,245,15,43,555,119,78,517,7,92,234,105,360,111,76,119,429,58,-1,0,0,0,0,0
EUROPE,150,64,90,523,44,43,895,888,777,163,68,119,7,234,40,-1,107,62,429,-1,1,1,1,1,1
EUROPE,516,5,103,15,40,72,114,119,-1,429,887,76,238,145,53,107,895,28,-1,92,1,1,1,1,1
EUROPE,102,234,127,145,555,119,895,429,131,114,777,78,163,15,37,104,429,-1,84,58,1,0,0,0,0
EUROPE,126,163,268,429,32,350,35,77,86,119,150,62,517,15,78,887,895,107,119,-1,0,1,1,1,0
EUROPE,23,234,147,81,432,777,119,114,107,141,164,62,115,163,99,26,39,-1,119,429,0,1,0,1,0
EUROPE,238,59,516,222,117,24,350,40,163,119,23,62,517,15,37,28,-1,429,350,114,1,0,0,1,1
EUROPE,122,64,147,119,888,517,39,200,107,30,6,76,163,523,497,-1,107,-1,266,-1,1,0,1,1,1
EUROPE,23,200,134,81,101,107,119,92,15,517,166,121,163,429,412,24,107,119,39,78,0,1,0,0,1
EUROPE,24,141,117,221,37,114,429,119,62,27,122,107,7,895,89,350,15,60,119,200,0,0,0,0,0
EUROPE,67,62,157,147,32,350,119,895,7,42,150,78,163,429,888,39,555,141,76,119,1,0,0,1,0
EUROPE,141,26,163,221,111,39,78,119,131,429,777,80,268,895,350,84,78,38,421,42,0,0,1,1,1
EUROPE,84,80,55,15,555,245,107,38,429,268,58,141,127,29,37,429,28,119,78,200,1,1,0,1,1
EUROPE,887,9,238,15,40,107,517,117,119,163,516,200,127,895,44,114,42,39,350,35,1,1,1,0,0
EUROPE,92,234,112,166,888,163,350,555,29,221,79,141,45,119,235,111,200,131,76,350,1,1,0,1,0
EUROPE,875,27,517,163,350,114,421,31,84,777,85,200,39,119,22,114,1,147,887,429,0,1,1,1,1
EUROPE,221,163,39,75,350,42,84,114,55,887,23,131,157,147,59,141,7,78,111,119,1,1,1,1,1
EUROPE,39,104,7,15,350,2,98,203,119,114,10,35,157,777,60,245,24,28,111,98,0,1,0,0,0
EUROPE,79,254,163,157,117,92,-1,78,17,126,150,238,268,236,267,350,78,119,429,107,1,0,0,0,0
EUROPE,17,78,895,112,147,28,429,200,163,777,119,104,69,7,267,77,350,84,429,107,1,1,0,1,0
EUROPE,17,200,7,429,888,163,119,157,114,28,113,48,517,81,101,119,268,163,42,104,1,0,0,0,0
EUROPE,113,234,268,429,888,15,78,119,107,163,17,56,62,523,43,147,28,38,121,42,1,0,1,1,0
EUROPE,122,131,157,221,117,119,107,30,350,62,68,200,55,236,267,245,711,119,114,111,1,1,1,1,1
EUROPE,150,62,517,523,117,111,-1,42,350,114,41,421,7,429,555,119,78,163,266,888,0,0,2,0,0
EUROPE,41,28,777,523,555,111,518,163,157,-1,58,121,711,429,80,350,119,141,122,-1,1,1,1,1,1
EUROPE,15,234,163,54,497,-1,555,895,888,42,164,20,13,157,79,131,119,103,147,200,1,0,1,1,1
EUROPE,150,163,157,29,350,-1,77,17,78,555,887,131,517,429,888,84,895,119,141,245,0,1,0,0,0
EUROPE,80,254,115,157,50,119,79,29,429,7,15,234,517,81,43,895,107,887,555,350,1,0,0,0,1
EUROPE,2,238,268,81,497,888,119,350,-1,106,80,254,163,15,37,79,141,29,246,-1,1,1,0,0,0
EUROPE,150,163,166,81,555,119,112,-1,268,429,86,77,61,29,888,895,200,119,107,164,0,0,0,0,0
EUROPE,41,234,163,222,497,141,166,40,350,84,516,78,13,81,111,166,350,114,421,895,1,1,1,1,1
EUROPE,79,59,13,429,111,131,119,16,350,777,517,62,84,96,888,166,895,350,421,53,1,0,1,1,1
EUROPE,240,200,55,81,43,119,166,777,429,67,887,48,84,523,497,62,17,119,350,107,1,0,0,1,1
EUROPE,245,234,163,21,40,119,887,62,350,888,24,78,268,16,555,55,119,122,84,888,1,1,0,1,1
EUROPE,23,234,517,21,111,119,350,24,166,268,113,101,62,147,555,-1,84,887,421,40,1,0,0,0,0
EUROPE,82,421,7,523,117,163,777,429,62,555,41,131,895,147,235,267,350,119,78,141,0,0,0,0,0
EUROPE,85,11,895,147,497,121,67,429,53,777,266,62,163,145,555,350,107,39,119,15,0,1,0,0,0
EUROPE,238,421,134,236,267,62,-1,429,119,117,266,131,895,221,44,119,-1,350,15,163,0,0,0,0,1
EUROPE,150,104,134,221,43,121,350,-1,24,236,58,131,7,15,111,-1,350,84,-1,76,1,1,0,0,1
EUROPE,516,80,84,236,267,166,92,119,163,350,74,221,91,81,111,119,163,39,421,429,1,0,0,0,0
EUROPE,887,120,517,81,43,62,350,30,-1,-1,84,44,18,895,111,113,141,107,421,350,1,1,1,1,1
EUROPE,245,72,86,119,111,41,200,163,164,-1,114,76,81,517,555,107,26,221,84,350,0,1,1,1,1
EUROPE,41,91,245,523,50,28,268,9,517,163,92,238,134,119,37,350,888,77,200,58,0,1,1,0,0
EUROPE,266,60,246,81,40,114,-1,350,245,15,150,131,518,119,32,17,141,887,163,517,1,1,1,1,1
EUROPE,9,200,157,81,37,7,141,28,429,78,887,131,234,119,555,40,350,163,17,77,1,0,1,0,0
EUROPE,887,154,246,119,60,78,11,166,111,103,114,200,134,145,432,203,350,888,429,266,1,1,1,0,1
EUROPE,114,62,38,429,888,28,119,120,350,24,266,80,163,50,111,39,235,147,246,107,0,0,0,0,0
EUROPE,119,62,163,777,40,141,246,350,895,114,84,234,517,15,555,107,114,350,421,141,1,1,2,0,0
EUROPE,777,60,887,157,555,17,895,84,119,246,86,77,163,145,32,119,246,107,164,200,1,1,0,0,1
EUROPE,84,78,163,429,555,895,62,23,147,119,24,200,45,523,40,-1,350,895,114,119,1,1,1,1,1
EUROPE,75,234,268,221,26,163,141,432,119,895,27,91,517,360,888,150,246,555,15,62,0,1,1,1,1
EUROPE,887,107,163,15,497,350,246,895,40,119,113,131,157,429,412,895,517,7,119,432,0,0,0,1,0
EUROPE,41,62,517,15,43,163,887,246,119,-1,102,76,58,81,267,119,163,147,-1,350,0,1,1,1,0
EUROPE,150,131,517,18,111,429,84,246,141,119,39,234,711,221,350,119,429,-1,2,246,0,1,1,0,0
EUROPE,887,104,163,29,43,350,429,246,38,119,84,203,1,81,432,429,246,107,119,62,1,0,0,0,0
EUROPE,39,77,517,96,350,200,497,84,246,62,117,48,777,221,26,200,119,163,29,69,1,0,1,1,1
EUROPE,39,91,43,96,526,119,429,84,200,122,58,78,163,235,74,246,119,200,15,114,1,1,1,1,1
EUROPE,164,59,517,21,37,432,429,895,119,350,240,203,711,29,117,421,895,887,246,121,1,1,0,0,1
EUROPE,23,200,517,202,22,147,429,246,114,119,150,234,711,81,59,119,163,432,350,91,1,0,0,0,0
EUROPE,887,200,777,429,32,119,29,27,163,246,150,62,142,222,117,23,114,246,119,78,0,0,0,0,0
EUROPE,114,113,517,360,888,107,-1,131,119,84,98,234,163,221,117,246,107,555,78,266,0,0,1,1,1
EUROPE,887,104,112,67,432,163,78,-1,350,429,266,62,517,360,79,-1,119,39,163,246,1,0,0,1,0
EUROPE,84,234,711,523,117,246,15,421,163,517,887,2,127,221,432,777,78,119,114,203,1,0,0,0,1
EUROPE,114,62,84,119,40,141,91,41,429,555,887,2,163,523,432,15,78,246,76,203,0,0,0,1,1
EUROPE,238,163,517,221,350,29,-1,117,119,888,39,80,245,523,432,38,119,429,-1,-1,1,0,1,1,1
EUROPE,113,91,84,236,267,117,119,111,517,107,164,234,163,429,44,78,246,117,-1,119,1,1,0,1,1
EUROPE,2,131,246,15,350,111,-1,266,119,84,92,234,221,517,555,58,888,268,147,163,0,1,0,0,0
EUROPE,24,62,103,81,350,111,895,15,122,-1,777,131,166,157,235,555,203,268,58,164,1,1,1,1,0
EUROPE,887,200,777,15,43,119,555,84,55,254,64,131,238,81,267,7,91,350,157,-1,0,1,1,1,0
EUROPE,113,254,777,119,50,-1,114,-1,888,84,420,20,163,360,34,104,15,39,35,107,1,0,0,0,0
EUROPE,98,64,103,429,12,246,111,887,22,-1,41,80,38,15,888,119,200,84,350,777,0,0,0,0,0
EUROPE,2,80,517,498,22,-1,246,38,-1,111,240,59,103,15,497,107,39,163,119,114,1,1,1,1,0
EUROPE,2,59,84,81,3,34,-1,429,163,114,266,64,131,119,117,517,221,92,429,350,0,0,0,0,0
EUROPE,122,20,84,29,117,360,421,119,67,350,200,254,99,15,43,-1,119,28,114,517,0,1,1,1,1
EUROPE,887,246,163,15,44,888,141,78,62,119,67,80,74,236,267,119,350,55,-1,895,1,1,1,1,0
EUROPE,150,104,84,15,43,-1,119,35,221,28,113,77,157,96,16,429,350,517,7,200,0,1,0,0,0
EUROPE,24,48,268,429,50,39,-1,114,221,84,79,77,517,119,43,131,200,432,114,32,0,1,0,0,1
EUROPE,102,80,43,15,117,107,28,517,555,114,79,254,163,523,412,-1,141,39,119,429,1,1,0,0,1
EUROPE,126,104,103,429,526,119,-1,58,235,895,2,80,61,360,427,122,163,107,119,200,0,1,0,0,1
EUROPE,164,62,61,81,555,114,119,-1,78,200,122,121,268,523,43,203,895,27,114,350,0,1,0,1,0
EUROPE,246,62,887,429,888,360,711,350,895,200,516,254,245,145,16,55,119,150,-1,350,1,1,1,1,1
EUROPE,2,9,39,145,888,80,119,246,350,55,92,131,157,15,432,-1,7,114,429,555,1,1,0,0,1
EUROPE,164,876,777,429,888,39,119,107,895,350,98,59,84,21,22,200,887,246,119,-1,0,1,1,1,1
EUROPE,79,80,163,157,497,119,246,43,429,-1,266,62,84,523,40,246,107,11,34,39,1,1,1,1,1
EUROPE,92,120,163,895,44,86,58,141,28,350,240,78,7,145,32,517,-1,141,777,350,1,0,1,0,0
EUROPE,887,60,112,429,44,78,84,62,119,246,266,200,268,22,111,114,245,350,40,78,0,0,1,1,0
EUROPE,234,80,21,268,101,141,246,104,119,350,2,60,112,498,497,555,246,119,77,114,0,0,0,0,0
EUROPE,240,517,74,429,117,119,62,555,67,157,79,200,142,523,888,119,266,39,141,432,0,1,0,0,1
EUROPE,80,234,7,119,267,-1,131,114,107,15,84,141,3,429,432,163,114,350,107,78,0,0,0,0,1
EUROPE,887,64,134,67,888,119,78,350,41,234,113,62,103,145,555,119,114,429,350,432,1,1,1,1,1
EUROPE,164,234,84,29,117,147,55,119,114,28,887,200,4,81,432,119,35,350,78,163,1,0,1,1,1
EUROPE,39,62,13,236,40,350,429,-1,163,119,166,59,34,145,111,350,119,107,421,16,1,1,0,0,0
EUROPE,79,77,15,142,44,429,119,200,114,888,24,234,8,21,43,45,432,-1,114,119,0,0,1,0,1
EUROPE,23,60,7,145,111,350,246,432,39,114,150,77,268,119,44,350,427,114,555,203,0,1,1,0,1
EUROPE,41,141,142,22,497,895,350,777,62,-1,17,131,166,81,99,121,-1,28,119,15,0,0,1,1,0
EUROPE,41,59,103,429,44,28,203,777,888,350,246,80,81,82,223,119,888,350,895,887,1,0,1,0,0
EUROPE,39,35,163,202,32,28,119,429,235,777,150,80,81,13,43,119,895,350,114,429,0,2,2,2,0
EUROPE,126,234,268,221,43,429,200,163,350,166,2,131,112,523,32,555,23,84,141,517,0,1,1,1,1
EUROPE,164,121,163,429,32,114,141,62,350,246,887,78,103,22,117,221,350,200,203,119,0,1,0,1,1
EUROPE,516,80,142,15,117,895,350,27,221,119,59,64,163,429,12,268,119,888,887,-1,1,0,1,0,0
EUROPE,117,131,91,235,147,-1,555,7,43,39,119,80,103,777,223,121,887,40,350,200,1,0,1,1,0
EUROPE,222,163,142,516,40,350,895,103,15,119,67,121,134,29,50,350,119,517,141,429,1,1,1,1,1
EUROPE,17,246,31,81,555,28,8,15,163,429,150,62,134,21,37,119,166,91,429,350,0,0,1,0,1
EUROPE,150,104,69,145,526,41,131,555,119,107,39,64,55,222,427,-1,234,268,107,24,0,1,0,0,0
EUROPE,85,62,150,15,44,39,163,888,429,119,113,254,268,498,117,350,77,114,29,888,0,1,1,1,0
EUROPE,122,62,103,15,888,350,114,113,166,157,150,9,777,429,497,7,895,78,114,350,1,1,0,0,0
EUROPE,54,104,103,96,888,517,119,895,41,350,67,163,157,222,497,119,429,7,350,-1,1,0,1,0,0
EUROPE,122,121,134,360,89,15,141,84,163,350,80,9,517,81,37,429,131,-1,350,895,0,0,1,0,1
EUROPE,24,28,517,429,555,107,119,114,888,350,122,64,103,157,79,246,150,84,119,350,0,1,1,0,0
EUROPE,39,2,43,29,103,555,-1,246,114,119,266,60,163,429,89,350,28,107,200,62,1,1,0,0,1
EUROPE,150,20,84,119,888,268,77,350,200,114,98,234,31,360,111,163,555,147,41,887,1,1,0,0,1
EUROPE,58,200,45,145,555,48,43,268,147,350,875,163,235,517,223,350,119,887,895,141,0,0,0,1,0
EUROPE,41,78,517,81,497,200,350,23,163,887,68,421,61,119,555,895,134,107,429,163,1,1,1,1,1
EUROPE,24,62,163,221,497,777,119,40,77,55,23,121,268,81,43,360,429,114,350,107,1,1,0,0,1
EUROPE,102,62,163,523,43,429,555,119,26,55,79,234,81,15,117,150,887,350,107,77,1,1,0,1,1
EUROPE,102,81,245,62,235,-1,429,350,119,7,150,234,163,15,89,246,-1,350,221,86,1,1,0,0,1
EUROPE,23,200,45,15,117,119,268,29,114,350,887,234,42,221,37,141,122,121,429,78,0,1,0,0,0
EUROPE,64,78,55,523,32,246,429,268,119,432,23,234,7,15,117,350,24,107,121,119,0,1,0,1,1
EUROPE,150,200,711,222,888,78,119,29,107,18,517,62,8,429,32,142,119,350,-1,163,1,1,0,0,0
EUROPE,23,76,268,110,888,84,8,119,62,350,39,78,55,429,111,122,119,141,163,84,1,1,0,1,1
EUROPE,150,254,163,81,497,55,119,131,78,200,58,59,711,236,267,200,429,350,34,28,1,0,0,0,0
EUROPE,84,121,163,202,43,119,62,-1,38,221,41,64,517,15,40,119,246,78,555,92,1,0,1,1,1
EUROPE,122,78,55,18,555,38,150,432,350,200,887,104,50,429,32,163,777,119,131,517,1,1,1,0,1
EUROPE,14,246,101,51,43,40,119,887,103,141,39,254,163,236,267,119,55,38,141,-1,0,0,0,0,0
EUROPE,113,5,142,21,497,777,91,166,119,55,126,104,517,221,43,-1,119,59,166,-1,0,1,0,0,1
EUROPE,24,234,711,81,16,114,235,421,119,268,887,121,7,29,497,119,350,78,-1,163,0,1,0,0,0
EUROPE,8,234,7,895,43,122,-1,246,114,119,39,131,38,523,32,141,119,555,23,711,0,0,0,0,0
EUROPE,122,163,84,236,888,200,555,30,350,107,240,59,517,429,50,147,203,119,39,887,1,1,1,1,0
EUROPE,58,113,517,157,235,28,887,429,200,350,516,64,55,81,555,147,166,887,119,429,0,0,0,0,1
EUROPE,516,2,517,360,111,122,200,429,78,28,240,20,163,119,44,887,200,62,15,25,0,1,1,1,0
EUROPE,887,234,517,523,44,122,200,166,429,119,40,5,101,221,37,555,895,84,429,120,1,1,0,0,0
EUROPE,777,80,157,161,497,163,38,887,429,107,114,78,103,96,26,29,246,104,141,84,0,0,1,0,1
EUROPE,122,141,89,18,103,163,895,92,119,888,102,234,84,202,350,119,777,29,78,429,1,0,0,1,0
KOREA,59,60,777,157,254,887,91,163,-1,895,79,234,58,221,350,236,-1,15,429,-1,1,1,1,1,1
KOREA,266,234,103,15,50,517,350,221,429,895,268,5,13,119,111,895,246,107,163,76,2,0,0,0,0
KOREA,29,62,888,887,517,86,68,895,78,429,58,80,163,221,111,-1,-1,268,92,78,0,2,0,0,0
KOREA,113,80,711,523,888,429,163,-1,-1,234,58,78,517,236,267,-1,887,15,119,41,0,1,1,1,1
KOREA,14,64,711,221,888,429,895,-1,-1,-1,68,91,517,236,267,78,58,-1,119,-1,2,1,0,0,0
KOREA,13,72,887,119,111,103,-1,163,517,68,266,254,61,429,53,268,246,-1,236,350,1,0,1,1,1
KOREA,266,104,7,429,111,221,350,-1,234,119,126,64,127,145,79,777,78,-1,41,163,0,0,0,0,0
KOREA,24,80,84,221,111,429,119,76,-1,163,164,120,555,15,350,517,429,7,887,-1,0,0,1,0,0
KOREA,64,141,3,15,350,142,895,-1,-1,429,164,120,103,523,12,163,119,517,421,-1,1,0,1,0,0
KOREA,85,102,163,119,875,895,91,-1,-1,-1,58,254,50,15,111,888,-1,68,267,55,1,0,1,1,1
KOREA,64,876,246,119,32,517,142,163,221,7,3,59,42,360,111,895,24,429,15,-1,0,1,0,1,1
KOREA,85,104,223,235,3,234,350,119,80,15,777,163,23,221,497,111,24,78,119,895,0,0,0,0,0
KOREA,68,64,268,235,157,888,78,429,895,887,114,203,163,777,22,-1,236,429,85,-1,0,1,1,1,0
KOREA,268,203,13,221,497,163,429,-1,119,157,24,76,777,15,555,-1,41,429,234,895,1,1,0,0,0
KOREA,887,234,39,157,12,7,429,92,64,236,114,62,711,15,32,119,517,-1,555,895,1,1,0,0,1
KOREA,114,234,55,523,201,888,350,895,429,268,887,91,13,119,32,-1,107,78,895,111,0,1,0,0,0
KOREA,8,254,103,110,497,55,39,76,163,119,517,64,555,221,350,7,-1,78,895,119,1,0,0,0,0
KOREA,24,64,7,30,32,163,-1,555,-1,429,102,427,777,119,201,895,350,-1,221,517,0,1,1,1,0
KOREA,236,78,164,517,53,895,114,15,429,-1,113,60,555,221,25,103,9,895,114,7,0,1,0,0,0
KOREA,150,163,58,429,888,895,119,711,-1,254,887,64,268,15,350,78,555,895,-1,114,1,0,0,1,1
KOREA,887,64,268,15,497,246,68,120,119,-1,777,245,91,523,888,429,-1,78,236,163,0,0,1,0,0
KOREA,14,254,103,15,888,122,-1,-1,119,350,58,80,517,429,22,76,887,221,78,350,1,1,1,1,1
KOREA,166,254,268,236,267,777,429,62,15,895,98,64,518,523,117,78,887,-1,62,-1,0,1,1,1,1
KOREA,84,254,163,236,267,429,15,777,895,-1,887,80,78,221,117,-1,30,429,-1,268,0,0,0,0,1
KOREA,92,60,517,81,432,58,267,-1,104,115,887,80,221,268,111,15,119,246,429,163,0,2,0,0,0
KOREA,266,48,103,15,350,429,39,119,246,163,23,64,268,523,111,555,91,78,-1,429,1,1,1,1,1
KOREA,133,234,163,221,555,105,54,107,119,15,58,33,268,236,497,238,887,48,62,429,1,2,1,1,1
KOREA,85,120,777,15,111,517,888,234,68,119,113,64,7,429,79,887,163,76,555,221,1,1,1,1,1
KOREA,39,78,68,119,888,107,-1,887,429,91,69,64,516,81,43,887,62,-1,131,-1,0,0,1,0,0
KOREA,84,78,268,157,44,236,76,-1,-1,895,887,64,103,15,350,119,-1,-1,-1,429,1,0,0,0,1
KOREA,516,104,13,202,12,221,246,429,107,163,164,76,777,15,111,119,429,-1,163,7,0,0,0,0,0
KOREA,114,131,777,222,117,78,555,22,7,62,8,64,3,360,111,350,163,-1,429,119,0,0,0,1,0
KOREA,24,421,517,236,267,-1,119,163,268,429,887,64,105,523,117,114,78,7,350,-1,0,1,0,1,0
KOREA,23,80,268,523,22,-1,119,114,62,15,887,5,517,429,888,120,-1,-1,-1,350,0,1,0,0,0
KOREA,68,62,234,115,111,887,268,15,236,350,92,163,39,81,43,76,-1,119,777,58,1,1,1,1,1
KOREA,24,131,777,29,497,119,39,78,163,429,150,234,517,81,350,421,268,76,221,119,1,1,0,0,0
KOREA,24,80,163,429,111,67,-1,517,777,-1,79,234,555,119,22,107,7,246,887,517,1,0,0,1,1
KOREA,119,254,268,113,555,-1,150,163,895,429,887,80,39,81,89,163,-1,68,-1,7,0,0,0,0,0
KOREA,68,163,777,145,12,133,119,429,-1,58,157,102,7,15,111,350,120,-1,-1,-1,1,1,0,0,0
KOREA,41,254,711,145,555,429,62,30,268,895,58,5,7,360,53,78,895,268,-1,103,0,1,1,0,0
KOREA,24,62,103,115,111,-1,163,429,119,15,887,127,234,221,350,32,163,-1,43,-1,0,1,0,0,1
KOREA,266,59,7,64,235,221,-1,429,39,119,58,25,127,15,497,421,62,-1,429,-1,0,2,1,0,0
KOREA,24,78,517,110,888,895,238,120,79,429,92,25,268,236,267,350,15,119,-1,58,0,1,0,0,1
KOREA,887,421,39,110,223,78,-1,76,350,7,126,72,268,15,888,13,23,429,41,555,0,0,0,0,0
KOREA,268,64,777,15,53,13,62,7,119,429,8,163,246,81,43,119,78,150,68,429,1,0,0,1,0
KOREA,777,64,13,523,223,76,114,888,78,429,268,234,517,119,53,68,-1,895,78,350,1,0,1,1,1
KOREA,876,80,163,429,888,15,350,62,246,120,102,104,268,516,235,78,119,-1,221,-1,0,1,1,1,1
KOREA,68,62,268,523,22,114,107,111,157,163,23,254,105,429,888,120,267,119,7,58,1,1,1,1,1
KOREA,79,203,3,222,111,350,55,-1,-1,163,58,80,517,15,497,887,91,429,119,-1,0,1,1,1,1
KOREA,154,200,711,222,235,68,-1,15,119,7,62,163,39,115,40,429,55,203,119,24,0,0,1,1,1
KOREA,24,79,39,18,111,555,15,7,887,119,164,141,3,360,12,203,107,76,429,246,0,0,0,0,0
KOREA,887,59,268,236,12,68,888,-1,119,429,876,64,13,15,350,119,30,-1,78,555,0,0,1,1,1
KOREA,102,254,163,29,888,429,-1,119,68,62,85,64,777,221,22,-1,119,-1,-1,58,0,0,0,1,1
KOREA,68,141,166,498,888,266,555,78,111,7,157,131,23,15,350,119,429,7,24,103,0,0,1,1,1
KOREA,113,30,777,119,888,163,15,-1,-1,-1,78,76,517,523,223,41,163,7,429,887,1,2,2,2,1
KOREA,266,163,777,221,111,-1,9,119,55,58,517,234,268,523,89,895,-1,68,15,76,1,1,0,1,1
KOREA,41,200,163,523,350,30,254,78,-1,-1,166,62,268,81,43,-1,-1,895,429,-1,1,1,1,1,1
KOREA,268,62,517,15,223,777,119,895,78,157,3,48,13,429,32,350,-1,68,157,163,1,1,1,1,1
KOREA,420,163,777,202,43,41,268,119,887,15,58,76,7,21,223,9,119,429,84,15,1,1,1,1,1
KOREA,84,238,7,429,32,-1,-1,119,895,777,166,200,268,222,53,163,24,555,254,78,1,1,0,1,1
KOREA,516,64,517,236,267,157,-1,119,-1,429,58,80,13,15,350,107,78,887,555,163,0,0,1,1,0
KOREA,19,76,234,15,350,119,41,55,163,777,887,59,268,222,117,-1,119,429,555,267,1,1,0,1,1
KOREA,517,78,163,15,888,895,119,-1,7,555,58,60,234,18,12,268,119,-1,68,429,0,1,1,1,1
KOREA,98,80,3,429,888,150,119,895,163,555,517,203,13,29,53,15,68,91,119,-1,1,1,1,1,1
KOREA,150,78,163,221,350,895,-1,-1,41,-1,164,80,3,15,235,-1,-1,429,555,119,1,1,1,1,1
KOREA,59,246,84,235,223,119,-1,30,163,555,234,245,777,81,432,30,7,24,76,119,1,1,0,0,0
KOREA,150,245,777,15,53,555,236,-1,76,119,85,163,246,429,111,110,711,43,-1,55,1,1,0,0,0
KOREA,266,80,103,81,43,777,15,429,7,-1,41,64,517,236,267,-1,86,429,555,142,1,0,0,1,1
KOREA,266,234,13,15,235,91,78,58,555,166,19,62,3,523,22,41,221,-1,163,429,1,0,1,1,1
KOREA,58,64,163,222,223,91,203,555,110,429,102,62,268,81,22,555,119,-1,350,221,0,1,1,1,1
KOREA,58,91,517,157,888,887,350,429,78,163,150,234,103,110,79,39,-1,119,555,76,0,1,0,0,0
KOREA,24,163,777,29,111,888,429,555,235,119,266,76,7,875,15,58,246,221,350,119,0,1,1,1,0
KOREA,126,48,517,523,111,711,68,-1,119,268,58,33,13,429,888,119,163,62,555,91,1,0,0,0,0
KOREA,84,120,711,523,888,62,114,111,119,429,41,163,777,15,235,246,895,68,555,254,0,0,0,1,1
KOREA,44,64,777,523,887,-1,163,22,119,157,24,59,117,429,517,350,78,119,555,107,0,0,0,0,0
KOREA,266,163,157,81,235,888,-1,555,429,221,150,80,7,30,111,429,350,267,246,119,0,0,1,0,0
KOREA,92,234,163,81,43,119,76,895,58,429,24,121,268,235,223,555,119,41,221,-1,0,1,0,0,1
KOREA,19,80,517,15,350,24,119,429,60,55,91,234,163,110,12,268,55,887,119,150,0,0,1,0,0
KOREA,104,163,234,119,53,268,107,39,76,15,203,266,517,115,111,15,429,55,895,268,0,1,1,1,0
KOREA,266,221,142,350,11,78,777,7,39,119,164,59,3,15,43,91,888,78,55,-1,1,0,1,0,0
KOREA,268,234,13,429,888,62,78,84,30,-1,887,59,103,235,223,111,78,-1,68,119,0,0,1,1,1
KOREA,79,78,142,157,12,15,91,114,429,777,113,104,268,360,44,55,238,35,41,7,0,1,0,1,1
KOREA,777,64,7,110,12,78,163,350,55,119,887,234,517,429,497,163,15,-1,55,236,0,1,0,0,1
KOREA,887,80,7,81,555,-1,517,58,895,68,114,107,163,429,875,42,421,350,-1,517,1,1,1,1,1
KOREA,58,76,517,221,234,887,119,-1,55,41,113,254,268,157,555,895,119,114,105,429,0,0,0,0,0
KOREA,887,62,13,221,875,68,163,895,55,-1,266,80,517,15,350,429,-1,555,-1,268,1,0,1,0,0
KOREA,166,163,777,81,201,150,24,-1,429,-1,3,91,268,119,111,350,55,429,24,236,1,1,1,1,1
KOREA,266,254,163,221,201,267,105,895,350,55,79,120,103,119,111,-1,150,350,429,58,1,0,0,0,1
KOREA,41,236,127,76,267,163,91,-1,102,429,516,203,7,15,235,55,119,114,64,555,0,1,0,1,1
KOREA,887,78,777,498,888,43,350,119,429,-1,876,62,13,110,117,429,895,-1,15,55,1,1,1,1,1
KOREA,887,104,147,29,53,895,200,516,119,-1,23,234,13,15,497,64,107,350,163,236,0,0,0,1,0
KOREA,8,234,777,15,350,39,55,235,200,429,517,76,58,523,32,30,119,-1,163,55,1,1,1,1,1
KOREA,39,78,245,221,22,163,350,-1,68,119,24,200,268,157,888,119,55,-1,76,-1,1,1,1,1,1
KOREA,112,91,711,81,555,-1,39,429,30,55,64,80,7,15,350,78,246,-1,163,68,1,1,1,1,1
KOREA,113,78,268,221,111,163,20,-1,429,350,39,48,112,15,22,24,895,91,105,119,0,1,0,1,0
KOREA,887,80,7,221,497,-1,234,-1,163,895,85,238,711,888,18,55,78,-1,119,-1,0,1,1,1,1
KOREA,68,104,777,350,15,105,119,236,268,163,517,62,84,221,888,234,895,-1,-1,76,1,1,0,0,1
KOREA,64,203,517,236,267,119,-1,78,105,429,113,76,234,221,117,895,91,-1,268,429,0,1,0,1,1
KOREA,516,62,268,15,517,887,555,895,76,429,234,78,105,119,235,429,7,163,24,895,1,1,0,1,1
KOREA,68,30,91,221,111,23,895,-1,119,163,69,120,84,15,223,777,58,119,429,163,0,1,1,0,0
KOREA,64,30,91,221,235,119,163,268,895,78,150,254,7,147,22,120,-1,429,236,119,1,1,1,1,1
KOREA,69,254,166,18,888,887,895,-1,7,78,120,86,268,429,22,517,246,163,777,234,1,1,0,0,1
KOREA,24,234,103,15,888,119,268,517,-1,107,266,64,127,202,12,429,895,163,80,39,1,1,0,0,0
KOREA,41,254,163,236,267,119,429,895,7,62,266,104,711,15,350,22,120,-1,80,68,0,0,1,1,0
KOREA,114,62,105,110,89,895,350,78,-1,7,58,120,268,15,12,517,234,55,119,163,0,1,0,0,1
KOREA,887,234,517,221,111,895,68,78,163,429,84,64,157,15,89,78,39,-1,895,7,1,0,1,1,0
KOREA,517,234,105,15,350,163,119,3,-1,7,268,421,711,221,12,76,429,-1,163,-1,0,1,0,1,1
KOREA,92,246,163,202,267,78,-1,91,58,429,24,421,711,119,888,-1,91,-1,350,76,1,1,0,0,1
KOREA,24,78,7,523,888,-1,-1,-1,119,55,887,246,711,429,80,119,-1,163,350,20,1,1,0,0,0
KOREA,875,32,517,29,350,163,-1,360,429,91,516,60,234,523,111,887,119,163,-1,-1,1,1,0,0,0
KOREA,122,59,268,221,350,246,78,895,67,-1,164,107,3,15,497,78,429,48,62,163,1,1,0,0,1
KOREA,777,60,7,110,517,-1,-1,236,163,107,266,131,58,523,89,119,107,39,91,895,0,0,0,0,0
KOREA,887,64,166,15,111,78,267,429,-1,7,517,104,36,221,497,119,114,-1,68,895,0,0,0,0,0
KOREA,24,64,268,119,555,246,-1,-1,15,163,36,62,7,81,43,-1,350,-1,-1,102,0,1,0,0,0
KOREA,24,131,39,51,99,103,7,163,-1,429,78,91,517,236,267,119,429,41,246,64,1,1,1,1,1
KOREA,887,48,517,15,350,777,163,246,30,429,113,234,3,29,497,121,163,429,246,117,1,0,1,1,1
KOREA,85,888,777,76,429,246,119,-1,163,254,24,62,711,31,497,236,114,81,78,15,0,0,0,0,0
KOREA,19,78,163,202,432,238,41,76,429,55,68,234,517,110,888,119,887,246,80,55,0,0,0,0,0
KOREA,887,234,44,429,105,119,350,22,76,7,24,80,84,523,26,76,163,15,-1,246,0,1,0,1,1
KOREA,78,64,268,221,350,-1,895,68,-1,236,150,3,110,91,22,41,246,429,163,15,1,0,0,0,0
KOREA,133,2,3,15,12,163,54,107,8,91,131,150,517,157,79,429,78,163,238,895,0,0,0,0,0
KOREA,54,78,268,429,32,-1,887,119,246,517,41,107,105,110,888,517,68,119,350,7,0,1,0,1,1
KOREA,58,78,268,523,89,157,119,429,350,895,2,234,163,222,111,120,-1,119,429,895,0,1,0,0,0
KOREA,268,163,238,15,43,429,39,58,119,78,887,64,84,236,267,119,107,555,246,76,1,1,0,0,1
KOREA,887,107,84,15,711,68,-1,517,119,238,268,80,163,429,412,119,267,78,-1,421,1,1,1,1,1
KOREA,887,421,517,15,497,429,36,76,246,119,84,25,7,51,107,76,555,114,163,119,1,1,1,0,0
KOREA,58,48,268,360,888,-1,163,7,-1,517,516,64,103,523,497,119,-1,91,246,120,0,0,0,1,0
KOREA,150,80,268,360,555,-1,163,119,888,246,58,234,517,221,350,119,429,-1,-1,91,0,1,0,1,1
KOREA,887,78,105,15,117,7,429,236,234,-1,24,80,268,221,350,246,360,119,429,91,0,0,0,0,0
KOREA,41,120,268,221,350,-1,517,429,-1,119,84,254,163,15,555,236,91,523,68,58,0,0,1,1,0
KOREA,268,72,777,81,350,-1,221,267,62,163,555,120,84,15,887,517,429,119,41,234,0,0,0,0,0
KOREA,79,59,105,221,555,68,119,350,120,7,150,48,81,497,103,888,76,-1,429,268,1,0,0,0,0
KOREA,154,254,105,157,267,555,517,15,7,68,113,80,711,119,888,555,238,887,9,421,0,1,0,0,0
KOREA,887,234,268,110,223,429,119,68,895,-1,517,238,163,523,497,895,-1,119,-1,888,0,1,0,0,0
KOREA,517,62,112,81,79,-1,350,-1,-1,-1,164,64,711,119,412,163,68,236,895,268,1,1,1,1,1
KOREA,154,421,163,15,497,91,119,107,68,-1,113,131,39,429,555,350,-1,267,64,888,0,1,0,1,1
KOREA,106,76,163,15,875,267,68,-1,111,350,23,64,7,119,555,78,68,429,236,350,1,2,1,1,1
KOREA,54,48,103,221,888,429,163,238,91,887,85,78,517,119,111,895,15,-1,131,68,0,1,1,1,0
KOREA,154,131,246,429,888,-1,887,119,268,-1,150,104,517,81,53,-1,268,15,421,-1,0,0,1,0,0
KOREA,887,62,777,81,432,68,76,163,246,111,268,234,166,523,555,-1,350,429,7,15,0,0,0,0,0
KOREA,887,78,163,29,888,-1,15,246,68,119,58,48,268,429,44,69,119,76,-1,41,1,0,1,0,0
KOREA,24,234,163,523,267,246,119,15,429,91,84,104,39,236,350,-1,-1,895,55,-1,1,2,1,1,1
KOREA,113,80,84,523,223,887,-1,119,-1,-1,114,429,30,157,888,68,895,163,119,76,0,1,1,1,1
KOREA,113,78,517,81,350,119,76,163,254,68,887,62,13,429,111,15,-1,-1,-1,-1,1,1,0,1,1
KOREA,141,43,13,22,15,103,421,238,-1,350,517,80,234,81,497,68,268,350,119,429,0,0,1,0,0
KOREA,887,80,517,145,12,78,120,-1,429,55,876,163,246,15,235,429,555,350,-1,103,0,1,0,0,1
KOREA,68,131,246,157,111,142,887,895,119,23,79,64,91,81,201,103,221,429,119,236,0,0,0,0,0
KOREA,69,62,105,236,267,24,119,-1,68,7,887,80,517,81,43,163,-1,777,234,429,1,1,1,1,1
KOREA,150,131,238,15,555,58,163,517,246,-1,84,78,127,221,350,429,119,-1,80,-1,0,0,0,0,0
KOREA,113,234,112,15,350,246,887,-1,429,163,266,80,103,67,117,119,777,429,114,163,0,0,0,0,0
KOREA,268,234,517,119,111,429,80,163,164,-1,58,64,84,15,555,246,429,895,39,-1,0,0,1,1,0
KOREA,268,91,517,202,117,888,421,432,78,119,58,80,13,15,350,-1,555,-1,111,429,0,0,0,0,0
KOREA,887,59,711,15,16,-1,163,-1,-1,429,113,141,268,236,267,76,119,-1,777,91,0,0,1,0,1
KOREA,23,80,13,360,111,119,429,238,41,350,69,517,104,236,267,119,-1,112,163,429,0,0,1,0,0
KOREA,887,234,7,523,223,55,429,107,-1,119,150,80,711,15,555,517,246,777,236,119,1,0,0,0,0
KOREA,41,80,142,67,497,350,7,30,133,111,36,104,517,89,360,20,163,888,234,166,0,1,0,0,0
KOREA,121,62,711,429,44,163,432,-1,15,91,887,78,777,81,43,-1,235,238,58,236,0,1,0,1,0
KOREA,58,76,517,15,555,887,236,-1,523,105,150,234,13,895,350,39,429,-1,221,119,0,1,0,1,0
KOREA,79,64,875,15,43,268,7,887,350,78,13,59,103,236,267,119,58,105,429,887,1,1,1,1,1
KOREA,84,234,134,81,43,555,429,895,91,15,887,78,7,221,350,268,163,55,119,157,1,1,0,1,1
KOREA,41,78,84,15,117,68,119,-1,888,429,268,64,517,221,350,429,163,-1,-1,13,1,1,0,0,1
KOREA,41,104,84,221,111,30,350,78,555,-1,887,80,268,236,267,429,-1,163,119,895,1,1,1,1,0
KOREA,887,234,103,429,412,221,80,-1,-1,-1,58,163,111,236,268,888,91,-1,15,119,1,0,0,0,0
KOREA,234,166,163,429,888,777,119,221,895,150,41,30,110,236,267,221,200,91,-1,78,1,1,0,0,1
KOREA,517,163,777,222,223,7,429,23,221,22,92,91,84,523,888,429,142,895,58,119,1,1,0,0,0
KOREA,41,78,268,22,888,142,119,429,68,147,84,200,777,236,267,-1,-1,-1,-1,-1,0,1,1,1,0
KOREA,102,200,103,119,888,235,30,236,24,268,41,48,7,81,22,429,777,23,236,221,1,1,1,1,1
KOREA,516,48,112,81,350,429,111,223,41,221,68,91,13,157,254,236,429,7,268,360,0,0,1,1,0
KOREA,79,234,50,157,526,360,236,221,-1,429,887,62,517,145,497,223,134,-1,107,200,1,1,1,1,1
KOREA,10,64,268,429,117,235,246,24,221,163,887,91,777,523,888,-1,236,-1,221,-1,1,0,0,0,0
KOREA,79,48,268,221,432,-1,62,39,236,-1,41,78,127,29,350,55,42,-1,64,-1,1,0,0,0,0
KOREA,41,79,268,29,555,429,223,-1,91,-1,104,64,13,523,497,236,142,126,103,221,1,1,1,1,0
KOREA,117,64,127,222,43,68,221,223,145,429,122,200,112,523,497,888,221,236,429,67,1,1,0,0,0
KOREA,68,64,112,22,888,429,81,221,23,223,113,62,142,235,44,200,236,429,-1,163,0,2,2,2,0
KOREA,50,254,887,221,350,200,-1,55,68,41,27,234,103,235,62,10,236,157,429,200,0,1,0,1,1
KOREA,67,64,42,221,888,236,-1,268,86,-1,150,200,4,145,497,-1,236,7,114,429,1,1,1,1,1
KOREA,106,254,103,221,497,-1,236,-1,150,-1,41,104,68,29,888,-1,236,234,200,268,1,1,0,0,0
KOREA,68,163,14,523,555,-1,119,-1,238,10,246,76,777,235,223,41,236,62,-1,-1,1,1,1,1,1
KOREA,876,64,127,235,223,-1,86,30,268,888,887,163,246,81,44,221,268,-1,200,429,0,0,0,0,0
KOREA,150,106,517,221,497,55,-1,200,235,-1,68,64,103,145,89,236,23,888,200,429,0,0,1,1,0
KOREA,78,60,777,81,89,429,200,41,236,7,133,76,157,222,111,200,54,163,221,119,1,0,1,1,0
KOREA,54,163,157,119,111,35,200,68,-1,236,166,234,4,221,223,200,-1,64,24,-1,0,1,0,0,0
KOREA,106,127,200,119,497,888,35,221,62,24,79,246,103,235,223,64,236,122,76,111,1,1,1,1,1
NORTH_AMERICA,50,200,38,119,555,350,266,147,888,120,75,203,8,51,22,24,360,84,53,246,1,0,0,0,0
NORTH_AMERICA,266,9,8,119,875,888,84,114,147,203,555,421,221,51,39,203,11,350,777,53,1,0,1,0,0
NORTH_AMERICA,266,200,1,360,113,246,55,238,91,114,92,78,38,81,43,30,888,157,67,777,0,1,0,0,0
NORTH_AMERICA,27,421,74,119,111,35,350,268,103,157,68,238,163,25,51,235,84,246,555,888,0,1,0,0,1
NORTH_AMERICA,516,131,104,523,43,200,221,203,266,127,887,238,84,119,235,157,888,200,246,56,0,0,0,0,1
NORTH_AMERICA,24,48,350,15,68,147,235,28,30,238,2,254,711,18,44,22,888,119,154,246,0,1,0,0,1
NORTH_AMERICA,518,64,18,15,40,147,888,29,114,9,82,203,61,119,412,163,141,27,350,92,1,1,1,1,1
NORTH_AMERICA,518,64,50,21,22,240,91,517,114,141,875,33,163,119,412,350,107,92,888,141,1,1,0,0,0
NORTH_AMERICA,104,33,30,222,117,91,24,119,147,141,518,78,112,15,432,888,114,157,62,555,0,1,1,1,1
NORTH_AMERICA,2,76,55,266,22,350,518,888,157,107,78,163,142,18,32,122,119,15,38,200,1,0,0,0,0
NORTH_AMERICA,27,421,43,67,40,15,114,107,9,888,86,78,55,145,111,157,119,20,15,9,1,0,1,1,0
NORTH_AMERICA,266,60,45,67,12,141,119,39,875,221,31,131,41,81,111,8,119,238,154,888,0,1,0,0,0
NORTH_AMERICA,83,20,7,15,412,888,131,555,114,62,41,245,121,21,117,62,23,119,84,517,0,0,0,0,0
NORTH_AMERICA,266,154,163,22,53,203,114,15,246,39,518,254,517,119,555,234,15,41,888,62,1,1,1,1,1
NORTH_AMERICA,58,234,163,360,412,147,15,122,53,119,92,876,777,29,16,53,888,133,112,9,0,0,0,0,1
NORTH_AMERICA,58,141,517,15,40,107,268,147,78,238,74,35,236,119,12,888,-1,163,91,104,0,1,1,1,1
NORTH_AMERICA,54,9,8,119,555,78,777,24,38,888,164,131,517,81,43,895,91,114,246,62,1,0,0,0,1
NORTH_AMERICA,74,141,91,115,111,350,54,200,15,888,150,28,246,236,89,517,23,555,-1,350,1,1,1,1,1
NORTH_AMERICA,32,11,166,147,85,238,62,888,15,360,23,131,246,236,526,555,268,54,29,114,1,1,1,1,1
NORTH_AMERICA,2,76,41,81,350,888,238,53,-1,119,114,104,38,22,235,9,234,238,119,150,0,1,0,1,1
NORTH_AMERICA,516,200,74,360,37,555,112,23,122,27,68,121,13,119,147,9,111,103,203,888,1,1,1,1,0
NORTH_AMERICA,58,28,19,236,37,41,203,23,555,141,122,246,517,221,57,223,15,163,119,114,0,1,0,1,1
NORTH_AMERICA,67,120,8,236,267,23,555,203,112,54,164,245,38,360,134,104,119,15,55,157,0,0,0,1,0
NORTH_AMERICA,150,245,91,236,43,517,104,23,127,119,86,203,112,15,267,104,246,50,119,114,0,0,0,0,0
NORTH_AMERICA,86,163,55,202,16,119,53,157,166,164,240,104,517,236,412,23,268,114,77,350,0,1,1,1,1
NORTH_AMERICA,517,62,43,236,267,200,350,23,203,119,98,421,84,221,40,114,53,157,78,77,1,0,1,1,1
NORTH_AMERICA,98,141,112,81,350,24,53,203,895,246,84,5,55,236,235,8,234,238,203,23,0,0,1,1,0
NORTH_AMERICA,266,246,134,236,267,29,-1,107,28,62,92,203,7,119,164,121,147,163,350,131,1,1,0,0,0
NORTH_AMERICA,236,234,163,119,43,555,38,203,161,-1,41,104,134,21,53,429,114,23,350,55,1,0,1,1,0
NORTH_AMERICA,150,13,78,236,267,23,48,53,26,114,2,82,131,15,117,350,555,114,-1,517,0,0,0,0,0
NORTH_AMERICA,48,238,127,236,267,114,9,28,412,23,223,203,517,523,888,350,-1,268,895,112,1,0,1,0,0
NORTH_AMERICA,68,78,91,119,37,240,517,238,203,62,92,77,43,222,134,114,268,21,23,147,0,1,0,0,1
NORTH_AMERICA,875,154,246,119,32,44,234,25,104,114,62,28,58,21,40,104,23,24,157,12,1,0,2,1,1
NORTH_AMERICA,875,163,41,236,134,21,119,23,114,62,268,2,103,360,80,166,350,895,147,15,0,1,0,0,0
NORTH_AMERICA,2,163,777,236,267,23,245,84,107,555,74,62,157,360,53,350,9,23,81,221,1,0,0,1,1
NORTH_AMERICA,777,60,246,236,267,163,350,120,119,114,8,131,238,81,40,7,888,53,150,203,0,0,0,0,0
NORTH_AMERICA,200,79,268,147,555,23,119,38,235,114,84,238,55,15,117,53,114,141,8,23,0,0,0,0,0
NORTH_AMERICA,122,54,777,74,432,107,17,888,555,77,82,200,39,236,267,141,114,246,23,203,1,0,0,1,0
NORTH_AMERICA,266,131,157,21,53,888,23,7,120,107,2,48,517,360,111,888,9,29,350,107,0,1,0,0,1
NORTH_AMERICA,41,245,268,202,22,555,350,234,114,203,92,141,13,163,43,38,107,7,91,23,1,1,0,0,1
NORTH_AMERICA,41,80,136,145,555,7,-1,203,-1,-1,516,246,517,147,26,55,107,114,120,119,0,1,0,0,1
NORTH_AMERICA,24,497,163,29,121,7,30,888,106,-1,114,59,50,15,22,41,-1,-1,39,555,0,0,0,1,0
NORTH_AMERICA,240,876,246,222,37,235,114,7,20,119,84,44,67,523,432,7,54,-1,104,555,1,2,1,1,1
NORTH_AMERICA,23,44,517,119,22,111,-1,268,157,63,86,104,7,360,497,164,777,157,203,555,0,1,0,1,1
NORTH_AMERICA,113,91,157,523,37,24,-1,119,7,107,84,80,50,15,43,119,-1,246,114,517,1,1,1,1,1
NORTH_AMERICA,106,876,61,157,99,11,350,114,200,82,150,79,84,145,497,163,350,711,15,-1,0,0,2,0,0
NORTH_AMERICA,62,64,84,17,238,157,2,25,11,200,64,29,517,51,43,350,157,35,150,15,1,1,1,0,0
NORTH_AMERICA,27,28,238,21,350,11,555,114,-1,35,41,234,99,81,238,22,101,200,39,117,1,1,0,1,0
NORTH_AMERICA,266,104,777,30,235,203,119,141,67,24,516,80,55,221,53,119,114,78,89,166,1,1,1,1,1
NORTH_AMERICA,777,131,157,222,57,203,37,200,888,41,114,78,4,429,497,200,517,41,119,154,0,0,1,1,1
NORTH_AMERICA,150,15,157,131,111,200,24,895,9,235,80,777,154,202,22,26,555,119,41,895,1,1,1,1,1
NORTH_AMERICA,82,234,517,429,53,15,895,203,119,24,68,91,50,81,12,350,777,235,104,203,0,0,1,0,0
NORTH_AMERICA,114,62,163,115,432,9,350,30,104,28,24,78,38,221,147,245,37,-1,350,104,1,1,0,1,1
NORTH_AMERICA,114,98,69,360,3,200,-1,-1,350,895,102,887,81,119,555,15,25,350,122,11,1,1,1,1,1
NORTH_AMERICA,90,141,245,15,37,238,200,41,11,266,82,14,517,895,26,777,55,350,27,555,0,0,1,1,0
NORTH_AMERICA,266,64,517,236,432,200,20,122,245,895,164,81,50,67,350,107,200,103,114,9,0,0,1,1,1
NORTH_AMERICA,78,876,103,222,147,895,350,16,30,11,84,72,142,360,555,221,67,35,157,81,1,1,1,1,1
NORTH_AMERICA,85,62,92,81,147,104,103,86,17,22,79,28,246,157,40,895,350,163,104,23,1,0,0,0,1
NORTH_AMERICA,114,245,238,523,117,350,895,200,235,246,24,9,55,18,497,16,421,11,360,28,0,0,0,0,0
NORTH_AMERICA,875,107,517,67,53,266,203,147,246,163,150,20,38,15,43,119,203,91,238,24,0,0,1,0,0
NORTH_AMERICA,122,77,4,221,37,203,15,24,119,114,67,555,166,145,238,55,9,147,30,-1,1,0,1,0,0
NORTH_AMERICA,41,64,79,15,22,23,203,350,32,29,92,20,163,895,1,-1,203,55,119,114,0,0,1,1,1
NORTH_AMERICA,67,141,68,202,432,266,203,119,9,114,23,80,163,15,223,154,54,200,91,203,1,0,0,0,0
NORTH_AMERICA,41,163,555,221,235,888,266,875,119,37,6,154,68,15,16,429,200,9,895,34,0,1,0,0,1
NORTH_AMERICA,41,64,7,895,267,887,266,246,163,119,516,5,134,236,497,77,131,114,429,80,1,1,0,0,0
NORTH_AMERICA,164,120,517,429,12,203,238,350,30,221,518,421,58,360,111,117,114,888,777,163,0,0,1,0,0
NORTH_AMERICA,78,120,777,21,59,104,107,147,41,246,114,154,134,81,888,245,80,516,203,113,0,0,1,0,0
NORTH_AMERICA,92,104,7,147,235,122,41,119,555,30,58,234,134,21,43,26,101,142,62,17,1,0,1,1,0
NORTH_AMERICA,114,78,711,15,43,104,20,24,147,203,777,121,7,37,157,24,9,119,555,350,0,1,0,0,0
NORTH_AMERICA,24,121,69,523,26,154,15,1,30,80,887,64,517,221,40,1,141,81,7,104,1,1,0,1,1
NORTH_AMERICA,41,154,517,119,40,555,876,-1,30,67,777,203,84,110,412,-1,7,104,888,78,1,0,0,0,0
NORTH_AMERICA,24,77,127,236,267,163,246,203,17,28,78,62,7,21,16,246,3,203,122,166,0,0,0,0,0
NORTH_AMERICA,266,104,517,119,555,163,77,62,84,11,432,106,99,235,875,236,268,107,203,164,1,1,0,0,0
NORTH_AMERICA,24,28,157,22,147,141,163,17,104,45,92,91,7,110,53,26,246,9,55,17,0,1,0,1,1
NORTH_AMERICA,166,68,157,29,555,246,55,-1,200,92,24,141,163,15,350,119,203,120,22,240,0,0,0,0,1
NORTH_AMERICA,266,2,517,221,350,30,114,163,29,157,240,104,3,69,22,142,26,114,111,147,1,1,0,1,1
NORTH_AMERICA,114,76,777,81,59,147,92,895,9,107,24,104,34,18,888,30,68,15,38,200,1,1,0,0,1
NORTH_AMERICA,114,72,711,895,53,254,62,517,17,221,78,131,429,147,555,30,-1,421,350,122,1,1,0,0,0
NORTH_AMERICA,122,35,127,222,40,62,221,114,517,29,24,141,142,81,26,238,157,-1,107,523,0,1,0,1,0
NORTH_AMERICA,92,64,7,429,555,58,119,30,112,9,122,11,157,15,497,114,246,350,119,62,0,1,0,0,1
NORTH_AMERICA,266,91,245,81,143,29,555,7,58,107,164,28,777,119,350,200,92,246,107,203,0,1,1,0,1
NORTH_AMERICA,41,64,246,30,555,238,350,17,163,9,518,121,142,15,223,9,39,28,119,888,0,0,1,1,0
NORTH_AMERICA,85,234,55,119,147,555,157,62,777,122,114,60,246,222,37,76,15,84,350,141,0,0,0,1,0
NORTH_AMERICA,92,141,27,15,147,119,114,86,103,-1,122,42,104,145,40,114,555,895,-1,29,0,1,1,1,1
NORTH_AMERICA,114,121,134,16,74,11,38,887,555,41,166,30,234,15,350,266,119,200,555,84,1,1,0,0,1
NORTH_AMERICA,74,62,777,18,412,104,163,555,268,429,516,238,246,15,57,28,235,114,119,84,1,1,1,1,1
NORTH_AMERICA,8,104,103,895,16,246,117,350,200,84,92,107,166,147,37,119,238,58,39,429,1,0,0,0,1
NORTH_AMERICA,150,104,85,119,117,200,23,62,64,166,6,203,127,236,267,114,121,107,268,15,0,0,1,1,1
NORTH_AMERICA,104,102,166,51,37,268,234,200,246,555,78,76,238,119,40,234,555,122,246,9,2,2,2,2,0
NORTH_AMERICA,78,64,246,147,161,11,122,30,350,711,59,131,61,222,53,15,114,200,350,119,0,1,0,0,1
NORTH_AMERICA,240,517,64,51,117,114,203,26,555,200,516,62,134,119,43,105,-1,141,5,203,0,1,0,0,1
NORTH_AMERICA,85,104,42,119,40,517,141,888,38,555,41,120,112,15,350,107,203,62,147,30,0,1,0,1,1
NORTH_AMERICA,266,91,61,360,111,114,120,555,81,78,58,76,246,119,888,122,203,555,84,131,1,1,0,1,1
NORTH_AMERICA,104,113,84,360,526,-1,268,117,163,350,122,80,127,119,32,200,131,38,114,555,1,0,1,1,0
NORTH_AMERICA,27,113,39,15,555,266,200,131,114,119,875,62,163,360,32,107,30,246,114,134,0,1,1,1,1
NORTH_AMERICA,240,48,2,30,555,888,103,119,114,203,266,131,517,15,43,200,114,38,203,429,1,1,0,1,1
NORTH_AMERICA,240,131,80,221,555,203,53,246,119,114,150,234,112,895,5,62,107,517,-1,200,0,0,0,0,0
NORTH_AMERICA,23,245,236,119,526,429,421,147,246,200,114,48,38,221,235,29,104,157,41,163,0,0,1,0,0
NORTH_AMERICA,234,517,54,81,40,28,-1,268,9,29,516,876,238,221,350,29,7,266,163,26,1,1,1,1,1
NORTH_AMERICA,19,64,517,236,267,84,203,112,39,29,82,5,41,21,117,200,360,122,10,888,1,0,1,1,1
NORTH_AMERICA,133,104,25,221,117,9,15,84,39,29,114,120,157,147,53,29,113,200,163,350,1,1,1,1,1
NORTH_AMERICA,59,62,127,202,111,350,55,777,15,30,48,163,517,221,22,107,29,35,200,114,1,1,1,1,1
NORTH_AMERICA,78,35,711,81,235,29,104,350,147,122,246,76,7,119,518,15,62,147,266,107,0,1,0,0,1
NORTH_AMERICA,266,200,38,221,22,39,29,157,238,23,58,131,119,82,40,114,53,777,15,147,1,1,1,1,0
NORTH_AMERICA,157,33,84,235,223,67,107,92,119,221,17,28,166,145,111,246,35,203,119,141,1,0,1,1,1
NORTH_AMERICA,98,64,84,89,221,234,80,67,119,38,516,141,45,81,555,55,360,15,122,11,1,1,1,0,1
NORTH_AMERICA,74,81,142,104,78,41,131,-1,62,107,117,127,141,221,23,77,235,119,122,203,1,0,1,1,1
NORTH_AMERICA,23,28,360,222,235,54,202,141,117,203,114,9,91,81,22,18,107,147,54,517,1,0,0,0,1
NORTH_AMERICA,887,246,8,15,103,17,119,350,117,7,67,131,234,221,235,147,64,54,203,555,0,1,0,1,1
NORTH_AMERICA,876,59,54,145,21,11,89,114,777,350,84,203,4,18,154,41,202,163,143,35,1,1,1,1,1
NORTH_AMERICA,114,234,23,147,101,268,54,24,119,350,777,876,246,81,43,555,24,119,163,9,1,1,0,0,0
NORTH_AMERICA,2,76,163,236,267,62,203,7,111,28,122,107,84,81,235,141,555,119,37,24,0,0,1,0,0
NORTH_AMERICA,122,104,55,360,555,114,105,120,111,200,240,131,517,202,235,15,238,119,114,203,0,0,1,1,1
NORTH_AMERICA,114,35,134,110,235,119,104,41,163,246,268,80,3,157,22,38,429,147,20,555,0,0,0,0,0
NORTH_AMERICA,85,120,777,119,117,157,203,-1,350,-1,92,5,517,223,235,107,78,246,30,895,0,1,2,0,0
NORTH_AMERICA,166,30,50,202,235,246,240,141,221,517,58,120,18,777,350,28,147,53,114,62,0,1,0,0,0
NORTH_AMERICA,103,104,147,81,32,91,50,157,55,38,114,254,8,99,43,517,350,28,429,-1,0,1,0,0,1
NORTH_AMERICA,67,517,157,30,21,104,555,54,114,141,126,234,103,221,40,38,50,555,-1,-1,0,1,1,1,1
NORTH_AMERICA,92,120,131,81,43,777,203,122,141,38,41,72,142,21,350,23,111,157,30,80,0,1,0,0,0
NORTH_AMERICA,92,131,157,21,111,114,246,119,141,81,78,79,39,236,267,104,429,141,163,114,1,1,0,1,1
NORTH_AMERICA,516,48,7,119,555,22,44,268,41,78,54,234,43,21,497,203,3,235,238,-1,0,0,0,0,0
NORTH_AMERICA,887,104,777,30,12,119,67,240,238,163,516,64,517,235,157,246,78,360,119,240,0,0,1,0,0
NORTH_AMERICA,79,48,517,895,40,555,17,103,119,238,86,131,20,523,44,202,-1,164,120,-1,0,1,1,0,0
NORTH_AMERICA,113,203,50,147,53,350,15,895,888,122,14,62,127,119,40,38,114,888,15,555,1,1,0,0,1
NORTH_AMERICA,164,131,18,119,111,221,78,203,104,30,103,234,59,236,26,246,350,16,114,141,0,1,0,0,0
NORTH_AMERICA,24,78,163,523,888,114,55,122,147,141,74,72,238,429,59,9,157,150,104,887,0,1,0,1,0
NORTH_AMERICA,68,141,163,29,147,121,517,200,104,-1,122,79,246,157,888,119,45,9,350,221,1,0,1,1,1
NORTH_AMERICA,221,79,246,14,43,119,24,45,163,15,56,9,80,29,267,30,107,24,20,119,1,1,0,0,0
NORTH_AMERICA,122,120,99,429,888,114,69,16,523,26,164,876,42,22,497,246,157,-1,350,238,0,0,0,0,0
NORTH_AMERICA,24,104,115,29,40,41,119,9,15,238,85,62,91,895,26,23,555,517,888,268,0,0,1,0,0
NORTH_AMERICA,24,30,238,523,223,41,7,119,517,555,84,48,85,29,888,429,-1,114,203,86,1,1,0,1,0
NORTH_AMERICA,76,238,8,523,412,245,38,114,147,517,92,104,103,223,235,360,157,555,114,429,1,0,1,1,1
NORTH_AMERICA,79,59,517,15,497,157,119,17,104,9,84,62,555,44,147,26,119,268,17,221,0,1,0,0,1
NORTH_AMERICA,39,106,517,145,12,268,350,122,24,104,43,48,777,81,555,246,114,35,895,147,1,1,0,1,0
NORTH_AMERICA,24,77,221,43,350,114,131,246,157,119,164,120,777,147,22,246,9,429,238,30,1,0,1,1,0
NORTH_AMERICA,777,238,7,498,497,107,114,9,-1,119,246,131,104,157,12,221,517,147,122,9,1,1,0,1,1
NORTH_AMERICA,24,245,6,67,350,30,268,54,104,26,92,68,1,429,888,119,134,35,114,163,1,1,1,1,1
NORTH_AMERICA,887,64,163,81,888,35,-1,53,114,55,23,147,104,201,236,107,268,54,141,555,1,0,1,1,1
NORTH_AMERICA,8,68,234,81,101,35,163,17,432,429,41,20,517,895,888,6,119,15,19,38,1,1,0,1,1
NORTH_AMERICA,114,77,268,222,235,147,-1,203,78,119,2,68,84,15,432,119,35,23,55,9,0,1,1,1,1
NORTH_AMERICA,8,91,26,523,350,246,9,119,17,35,41,44,517,360,37,55,163,86,20,235,0,1,0,0,1
NORTH_AMERICA,86,44,50,429,37,92,350,119,157,203,84,48,41,360,497,163,26,246,114,35,1,1,1,1,0
NORTH_AMERICA,114,203,7,147,53,134,30,221,15,107,150,421,127,429,888,35,69,16,8,-1,0,1,1,1,1
NORTH_AMERICA,107,76,163,96,888,22,517,28,55,9,114,234,38,429,117,17,35,777,119,7,0,0,0,0,0
NORTH_AMERICA,150,104,69,21,888,22,895,16,246,238,103,234,114,222,497,147,30,203,35,119,1,0,1,1,0
NORTH_AMERICA,41,107,711,221,350,80,203,235,55,163,114,64,142,134,78,35,429,53,30,11,0,1,1,1,1
NORTH_AMERICA,157,80,142,50,12,38,24,-1,236,429,122,62,127,360,111,9,517,55,114,77,0,1,1,1,0
NORTH_AMERICA,114,20,131,119,497,203,517,147,163,246,875,76,777,81,432,238,23,35,429,555,0,1,0,1,1
NORTH_AMERICA,518,104,112,22,888,9,119,17,37,11,150,163,3,429,59,895,114,203,-1,35,0,2,2,0,0
NORTH_AMERICA,429,2,112,147,40,221,9,104,29,203,24,163,3,15,111,142,895,74,35,203,1,1,0,1,1
NORTH_AMERICA,875,245,142,895,26,34,-1,2,15,517,113,5,112,67,40,266,555,119,238,35,1,1,1,1,1
NORTH_AMERICA,41,234,127,119,26,77,-1,517,147,15,150,163,236,895,40,114,555,35,-1,238,0,0,1,1,1
NORTH_AMERICA,24,20,89,18,517,41,147,84,203,119,92,131,157,79,235,62,141,9,35,147,0,1,0,0,0
NORTH_AMERICA,80,104,234,202,101,112,-1,429,119,41,164,163,150,221,32,-1,157,35,777,55,0,1,0,0,0
NORTH_AMERICA,114,77,55,15,111,74,157,141,777,888,24,163,234,147,89,221,429,35,200,350,0,1,0,1,1
NORTH_AMERICA,246,76,4,18,555,35,106,147,122,111,887,107,84,119,32,-1,895,350,77,163,0,1,0,1,1
NORTH_AMERICA,266,200,50,81,350,114,166,360,555,107,164,28,238,51,80,104,119,120,111,24,1,1,0,0,1
NORTH_AMERICA,86,9,50,119,111,120,-1,517,164,104,114,121,238,147,43,350,141,107,30,24,0,1,0,0,1
NORTH_AMERICA,78,33,105,81,432,15,122,238,62,119,23,141,112,429,888,119,203,555,24,350,1,0,1,1,1
NORTH_AMERICA,56,131,91,119,111,120,147,86,107,163,887,234,7,81,888,238,104,246,895,555,1,1,0,0,0
NORTH_AMERICA,164,104,105,202,497,119,53,30,92,-1,777,64,711,360,117,24,350,114,119,238,1,0,1,0,1
NORTH_AMERICA,518,234,127,15,40,17,203,11,55,119,92,62,105,222,432,114,555,107,104,203,1,1,0,0,1
NORTH_AMERICA,150,48,517,498,497,119,114,7,141,53,39,154,38,202,16,54,429,516,200,895,0,1,1,1,1
NORTH_AMERICA,517,104,101,18,555,78,-1,-1,119,163,150,120,105,429,888,131,-1,-1,238,350,1,1,1,0,0
NORTH_AMERICA,86,76,157,498,111,119,164,203,238,77,54,9,91,22,497,517,-1,84,131,62,0,1,0,0,1
NORTH_AMERICA,240,20,105,202,111,114,17,203,238,555,6,254,134,895,432,80,888,119,78,350,1,0,0,0,0
NORTH_AMERICA,84,141,112,157,111,203,163,221,78,8,67,107,268,81,25,54,147,104,777,119,1,0,1,1,1
NORTH_AMERICA,86,62,105,223,235,238,-1,30,164,555,516,234,38,429,16,238,15,78,141,50,0,0,0,0,0
NORTH_AMERICA,157,59,105,15,432,203,119,238,24,154,887,25,246,222,266,238,147,203,41,350,0,0,0,0,0
NORTH_AMERICA,887,91,105,236,432,238,119,203,92,555,80,62,268,37,15,119,555,141,200,41,1,1,0,1,0
NORTH_AMERICA,92,121,105,895,235,104,238,21,58,119,17,154,18,202,40,147,246,104,80,21,1,0,0,1,1
NORTH_AMERICA,266,234,517,15,43,238,555,9,141,147,131,711,36,221,235,114,238,91,11,119,1,0,0,1,1
NORTH_AMERICA,41,200,79,115,16,202,147,23,163,92,150,33,238,236,22,104,350,15,141,114,1,1,0,0,0
NORTH_AMERICA,24,102,136,22,26,-1,7,266,15,203,14,91,105,523,432,114,555,-1,238,104,1,1,1,1,0
NORTH_AMERICA,86,141,517,74,26,15,203,119,164,777,516,234,38,81,32,114,238,40,119,120,1,1,0,0,0
NORTH_AMERICA,166,64,3,145,25,9,350,62,104,24,36,254,84,22,518,163,234,887,119,350,0,1,0,0,0
NORTH_AMERICA,240,163,84,67,555,119,114,147,350,41,56,121,61,81,43,86,9,15,221,119,1,1,0,0,0
NORTH_AMERICA,78,131,157,236,267,92,114,119,62,112,777,104,518,50,40,38,23,555,114,240,0,0,1,0,1
NORTH_AMERICA,114,101,51,59,126,90,122,895,53,11,92,238,76,432,157,236,200,25,360,78,0,2,2,1,1
NORTH_AMERICA,5,203,3,412,360,200,11,55,25,235,32,62,145,79,157,114,-1,7,51,28,1,0,1,0,0
NORTH_AMERICA,266,254,34,555,32,200,-1,105,163,150,17,254,103,202,235,42,80,84,54,40,1,0,0,0,1
NORTH_AMERICA,266,427,517,15,53,350,203,157,-1,62,777,104,134,360,12,7,41,25,200,119,1,0,0,0,0
NORTH_AMERICA,266,104,429,134,59,120,523,24,350,200,82,64,246,235,223,26,141,7,517,85,0,0,0,0,0
NORTH_AMERICA,67,33,3,147,43,555,350,141,24,40,23,5,7,222,53,-1,711,15,24,350,1,0,0,0,0
NORTH_AMERICA,777,200,105,29,412,421,350,888,67,24,875,78,7,221,53,62,119,114,203,104,1,0,1,1,1
NORTH_AMERICA,8,78,134,4,350,203,360,163,55,122,68,141,131,202,235,111,266,15,114,517,0,0,0,0,0
NORTH_AMERICA,266,104,517,360,117,888,163,203,350,119,111,234,22,134,122,876,203,15,114,238,1,1,1,1,1
NORTH_AMERICA,107,99,106,202,350,9,203,119,122,15,74,64,7,429,888,200,711,163,147,111,0,1,1,1,1
NORTH_AMERICA,887,203,55,236,147,166,350,107,84,157,24,200,61,15,53,350,62,154,246,-1,1,0,1,0,0
NORTH_AMERICA,164,200,517,15,117,67,24,119,888,147,98,141,19,81,43,895,67,50,350,24,0,1,0,1,1
NORTH_AMERICA,164,78,3,119,40,62,246,23,163,350,777,106,19,22,147,111,350,24,203,50,0,1,0,0,0
NORTH_AMERICA,516,141,42,221,40,38,246,350,203,114,164,106,142,119,267,203,555,62,24,888,1,1,1,0,1
